deal_id,file,country,state_level,fy,stage,version,origin,funding_source,scope_confidence,is_transfer,amount_total,currency,doc_locator,matched_to,warnings
ken-2024-25-immigration-population-management-unclear,2024-07-01-ken-2024-25-immigration-population-management-unclear-digital-id-budget.md,KEN,national,2024/25,unclear,original,domestic-state,unstated,whole,false,6880000000,KES,,,"funding unstated; stage unstated (contemporaneous with Jun-2024 budget presentation); amount_usd 53300000 source-stated"
ken-2024-25-immigration-migration-citizen-services-unclear,2024-07-01-ken-2024-25-immigration-migration-citizen-services-unclear-ecitizen-borders.md,KEN,national,2024/25,unclear,original,domestic-state,unstated,partial,false,7030000000,KES,,,"partial (line includes non-digital refugee relocation); amount_usd 54400000 source-stated"
gnb-wardip-sop1-counterpart-unclear,2023-11-07-gnb-wardip-sop1-counterpart-unclear-gnb-government-counterpart.md,GNB,national,,unclear,original,domestic-state,counterpart,whole,false,500000,USD,,,"counterpart sliver of WB WARDIP SOP1 (PAD4756); IDA side held non-state — compile must not double-count; no FY stated"
mrt-wardip-sop1-counterpart-unclear,2023-11-07-mrt-wardip-sop1-counterpart-unclear-mrt-government-counterpart.md,MRT,national,,unclear,original,domestic-state,counterpart,whole,false,1000000,USD,,,"counterpart sliver of WB WARDIP SOP1 (PAD4756); IDA side held non-state — compile must not double-count; no FY stated"
bfa-2025-state-network-restoration-actual,2025-03-14-bfa-2025-state-network-restoration-actual-bf-network-restoration.md,BFA,national,,actual,original,domestic-state,unstated,whole,false,3000000000,XOF,,,"FY unstated (published=PM address 2025-03-14); amount stated floor; stage actual from completed-works language"
ago-2025-minttics-angosat-3-unclear,2025-01-01-ago-2025-minttics-angosat-3-unclear-angosat3-pac.md,AGO,national,2025,unclear,original,domestic-state,unstated,whole,false,278000000000,AOA,,,"PAC (procurement plan) figure not an appropriation; scale established from internal USD equivalence; amount_usd blank (source conversions garbled); RETIRED 2026-07-23 by reconcile - folded into non-state societe-generale-ago-2025 (externally financed ANGEO-1); Kz 278bn withdrawn by ministry corrected PAC"
cog-2025-anssi-operations-unclear,2025-01-01-cog-2025-anssi-operations-unclear-anssi-2025-operations-allocation.md,COG,national,2025,unclear,original,domestic-state,unstated,whole,false,1300000,USD,,,"USD-as-reported (XAF unstated); stage unclear; financier minted government-of-congo"
bfa-2025-mtdpce-zero-zone-blanche-unclear,2025-09-30-bfa-2025-mtdpce-zero-zone-blanche-unclear-state-envelope-750-zones.md,BFA,national,,unclear,original,domestic-state,unstated,whole,false,37500000000,XOF,,,"state share of 75bn PPP (operators carry other half); FASU+PACTDIGITAL blend — PACTDIGITAL is IDA-financed, possible partial overlap with held WB deal; consolidated from 2 batch twins (3 sources)"
bfa-2026-transition-digitale-mini-datacenters-unclear,2026-01-23-bfa-2026-transition-digitale-mini-datacenters-unclear-public-admin-datacentres.md,BFA,national,,unclear,original,domestic-state,unstated,whole,false,16000000000,XOF,,,"cost at inauguration (minister floor >15bn); consolidated from 2 batch twins (4 sources incl. 2025-03-14 PM address)"
sen-2026-digital-ministry-investment-unclear,2026-01-01-sen-2026-digital-ministry-investment-unclear-digital-investment-budget.md,SEN,national,2026,unclear,original,domestic-state,unstated,partial,false,58200000000,XOF,,,"investment slice of ministry vote (total CFA81.06bn not recorded per envelope rule); held capture summary-style"
zmb-2026-govt-digital-infra-qos-unclear,2026-01-01-zmb-2026-govt-digital-infra-qos-unclear-k255m-qos-upgrade.md,ZMB,national,2026,unclear,original,domestic-state,unstated,whole,false,255000000,ZMW,,,"funding unstated; stage 'approved' unmapped; FY inferred (Zambia FY=calendar); minted gov-zm"
egy-cbe-2020-pos-incentives-fawry-actual,2020-01-01-egy-cbe-2020-pos-incentives-fawry-actual-cbe-pos-incentives.md,EGY,regulator,2020,actual,original,domestic-state,own-source,whole,false,55000000,EGP,,,"disbursement seen from recipient side (Fawry filings); judgment call flagged"
egy-cbe-2021-pos-incentives-fawry-actual,2021-01-01-egy-cbe-2021-pos-incentives-fawry-actual-cbe-pos-incentives.md,EGY,regulator,2021,actual,original,domestic-state,own-source,whole,false,21700000,EGP,,,"series sibling of 2020 record"
ago-2026-ima-infra-estruturas-digitais-publicas-appropriated,2026-06-17-ago-2026-ima-infra-estruturas-digitais-publicas-appropriated-digitais-publicas.md,AGO,national,2026,appropriated,original,domestic-state,unstated,whole,false,150000000,USD,,,"USD as announced; OGE 2026 PIP / Despacho Presidencial 38/26; vendor tis-angola; minted ministerio-das-financas-angola"
ago-2026-agt-fatca-software-unclear,2026-06-08-ago-2026-agt-fatca-software-unclear-fatca-software-licence.md,AGO,national,2026,unclear,original,domestic-state,unstated,whole,false,552000,EUR,,,"minted presidencia-da-republica-angola; despacho date unstated — reporting event used; EUR as announced"
ago-2026-mindcom-requalificacao-rede-informatica-unclear,2026-02-17-ago-2026-mindcom-requalificacao-rede-informatica-unclear-76bn-kz.md,AGO,national,2026,unclear,original,domestic-state,unstated,whole,false,76000000000,AOA,,,"despacho date unstated; source USD ~80m covers only 74.3bn component"
ago-2026-mat-bdcm-prova-de-vida-revised,2026-02-26-ago-2026-mat-bdcm-prova-de-vida-revised-275m-usd.md,AGO,national,2026,revised,supplementary-1,domestic-state,unstated,whole,false,275000000,USD,,,"supplementary OGE credit stated in USD; ordinal not stated — recorded as first known"
zaf-2025-26-dcdt-sa-connect-phase-2-unclear,2026-02-25-zaf-2025-26-dcdt-sa-connect-phase-2-unclear-r3bn.md,ZAF,national,2025/26,unclear,original,domestic-state,unstated,whole,false,3000000000,ZAR,,,"'more than R3bn' floor; FY attribution ambiguous vs Budget-2026 speech timing"
ben-2026-numerique-digitalisation-programme-numerique-proposed,2025-11-25-ben-2026-programme-numerique-proposed-digital-programme-line.md,BEN,national,2026,proposed,original,domestic-state,unstated,whole,false,12300000000,XOF,,,"RETIRED 2026-07-25 - driver case 5: replaced by ben-2026-numerique-111-proposed, built from the budget document; reporting kept as a Development history line there"
bwa-ndp12-finance-ministry-ict-development-proposed,2025-10-31-bwa-ndp12-finance-ministry-ict-development-proposed-pip-ict-line.md,BWA,national,NDP 12,proposed,original,domestic-state,unstated,whole,false,486000000,BWP,,,"NDP12 multi-year — fy dates blank; named systems (payment switch, accounting system)"
bwa-ndp12-burs-modernisation-proposed,2025-10-31-bwa-ndp12-burs-modernisation-proposed-pip-burs-line.md,BWA,national,NDP 12,proposed,original,domestic-state,unstated,partial,false,4130000000,BWP,,,"line includes physical border works; P8.83bn PIP envelope not built (mostly non-digital)"
cog-2025-connectivity-sites-4g-upgrade-unclear,2025-10-01-cog-2025-connectivity-sites-4g-upgrade-unclear-4g-modernisation.md,COG,national,,unclear,original,domestic-state,unstated,whole,false,3000000,USD,,,"USD-only figure; government top-up 'additional to' WB/EU envelope; published=statement month (month precision); 2 corroborating held sources"
civ-2024-2025-ncr-rural-connectivity-unclear,2024-01-01-civ-2024-2025-ncr-rural-connectivity-unclear-rural-connectivity-allocation.md,CIV,national,2024-2025,unclear,original,domestic-state,unstated,whole,false,28000000000,XOF,,,"stated floor ('more than 28bn'); two-year window; forum-presented; 2026-2027 forward 33bn not built (outer-year rule)"
zaf-2024-25-vote-30-sa-connect-proposed,2024-07-15-zaf-2024-25-vote-30-sa-connect-proposed-r1858m.md,ZAF,national,2024/25,proposed,original,domestic-state,unstated,whole,false,1858000000,ZAR,,,"capture from Malatsi budget-vote speech; case-5 reset pending against held ENE/AENE/AR in new-budget/ZAF/; series sibling of zaf-2025-26-dcdt-sa-connect-phase-2"
zaf-2024-25-vote-30-sa-connect-appropriated,2024-02-21-zaf-2024-25-vote-30-sa-connect-appropriated.md,ZAF,national,2024/25,appropriated,original,domestic-state,unstated,whole,false,1894593000,ZAR,"ENE 2024 Vote 30; B5-2024",,"budget-extract ZAF/2024"
zaf-2024-vote-30-p2-international-appropriated,2024-02-21-zaf-2024-vote-30-p2-international-appropriated.md,ZAF,national,2024/25,appropriated,original,domestic-state,unstated,whole,false,76677000,ZAR,"ENE 2024 Vote 30; B5-2024",,"budget-extract ZAF/2024"
zaf-2024-vote-30-p3-policy-research-appropriated,2024-02-21-zaf-2024-vote-30-p3-policy-research-appropriated.md,ZAF,national,2024/25,appropriated,original,domestic-state,unstated,whole,false,43142000,ZAR,"ENE 2024 Vote 30; B5-2024",,"budget-extract ZAF/2024"
zaf-2024-vote-30-p4-entity-oversight-appropriated,2024-02-21-zaf-2024-vote-30-p4-entity-oversight-appropriated.md,ZAF,national,2024/25,appropriated,original,domestic-state,unstated,partial,false,1596919000,ZAR,"ENE 2024 Vote 30; B5-2024",,"budget-extract ZAF/2024"
zaf-2024-vote-30-p5-bdm-appropriated,2024-02-21-zaf-2024-vote-30-p5-bdm-appropriated.md,ZAF,national,2024/25,appropriated,original,domestic-state,unstated,whole,false,15859000,ZAR,"ENE 2024 Vote 30; B5-2024",,"budget-extract ZAF/2024"
zaf-2024-vote-30-p5-ict-support-appropriated,2024-02-21-zaf-2024-vote-30-p5-ict-support-appropriated.md,ZAF,national,2024/25,appropriated,original,domestic-state,unstated,whole,false,8953000,ZAR,"ENE 2024 Vote 30; B5-2024",,"budget-extract ZAF/2024"
zaf-2024-vote-30-p6-information-society-appropriated,2024-02-21-zaf-2024-vote-30-p6-information-society-appropriated.md,ZAF,national,2024/25,appropriated,original,domestic-state,unstated,whole,false,72196000,ZAR,"ENE 2024 Vote 30; B5-2024",,"budget-extract ZAF/2024"
zaf-2024-25-vote-30-sa-connect-audited,2025-10-01-zaf-2024-25-vote-30-sa-connect-audited.md,ZAF,national,2024/25,audited,original,domestic-state,unstated,whole,false,734841000,ZAR,"DCDT AR 2024/25 pp.205-212",,"budget-extract ZAF/2024"
zaf-2024-vote-30-p2-international-audited,2025-10-01-zaf-2024-vote-30-p2-international-audited.md,ZAF,national,2024/25,audited,original,domestic-state,unstated,whole,false,65860000,ZAR,"DCDT AR 2024/25 pp.205-212",,"budget-extract ZAF/2024"
zaf-2024-vote-30-p3-policy-research-audited,2025-10-01-zaf-2024-vote-30-p3-policy-research-audited.md,ZAF,national,2024/25,audited,original,domestic-state,unstated,whole,false,27831000,ZAR,"DCDT AR 2024/25 pp.205-212",,"budget-extract ZAF/2024"
zaf-2024-vote-30-p4-entity-oversight-audited,2025-10-01-zaf-2024-vote-30-p4-entity-oversight-audited.md,ZAF,national,2024/25,audited,original,domestic-state,unstated,partial,false,1741447000,ZAR,"DCDT AR 2024/25 pp.205-212",,"budget-extract ZAF/2024"
zaf-2024-vote-30-p5-bdm-audited,2025-10-01-zaf-2024-vote-30-p5-bdm-audited.md,ZAF,national,2024/25,audited,original,domestic-state,unstated,whole,false,10820000,ZAR,"DCDT AR 2024/25 pp.205-212",,"budget-extract ZAF/2024"
zaf-2024-vote-30-p5-ict-support-audited,2025-10-01-zaf-2024-vote-30-p5-ict-support-audited.md,ZAF,national,2024/25,audited,original,domestic-state,unstated,whole,false,6150000,ZAR,"DCDT AR 2024/25 pp.205-212",,"budget-extract ZAF/2024"
zaf-2024-vote-30-p6-information-society-audited,2025-10-01-zaf-2024-vote-30-p6-information-society-audited.md,ZAF,national,2024/25,audited,original,domestic-state,unstated,whole,false,62548000,ZAR,"DCDT AR 2024/25 pp.205-212",,"budget-extract ZAF/2024"
zaf-2024-vote-25-justice-modernisation-appropriated,2024-02-21-zaf-2024-vote-25-justice-modernisation-appropriated.md,ZAF,national,2024/25,appropriated,original,domestic-state,unstated,whole,false,661200000,ZAR,"ENE 2024 full volume",,"budget-extract cross-vote scan ZAF/2024"
zaf-2024-vote-25-information-regulator-appropriated,2024-02-21-zaf-2024-vote-25-information-regulator-appropriated.md,ZAF,national,2024/25,appropriated,original,domestic-state,unstated,whole,false,110900000,ZAR,"ENE 2024 full volume",,"budget-extract cross-vote scan ZAF/2024"
zaf-2024-vote-22-correctional-it-appropriated,2024-02-21-zaf-2024-vote-22-correctional-it-appropriated.md,ZAF,national,2024/25,appropriated,original,domestic-state,unstated,whole,false,358000000,ZAR,"ENE 2024 full volume",,"budget-extract cross-vote scan ZAF/2024"
zaf-2024-vote-14-statssa-business-modernisation-appropriated,2024-02-21-zaf-2024-vote-14-statssa-business-modernisation-appropriated.md,ZAF,national,2024/25,appropriated,original,domestic-state,unstated,whole,false,60200000,ZAR,"ENE 2024 full volume",,"budget-extract cross-vote scan ZAF/2024"
zaf-2024-vote-14-statssa-ict-appropriated,2024-02-21-zaf-2024-vote-14-statssa-ict-appropriated.md,ZAF,national,2024/25,appropriated,original,domestic-state,unstated,whole,false,143000000,ZAR,"ENE 2024 full volume",,"budget-extract cross-vote scan ZAF/2024"
zaf-2024-vote-11-dpsa-egovernment-appropriated,2024-02-21-zaf-2024-vote-11-dpsa-egovernment-appropriated.md,ZAF,national,2024/25,appropriated,original,domestic-state,unstated,whole,false,25300000,ZAR,"ENE 2024 full volume",,"budget-extract cross-vote scan ZAF/2024"
zaf-2024-vote-39-dtic-digital-market-inquiry-appropriated,2024-02-21-zaf-2024-vote-39-dtic-digital-market-inquiry-appropriated.md,ZAF,national,2024/25,appropriated,original,domestic-state,unstated,whole,false,20100000,ZAR,"ENE 2024 full volume",,"budget-extract cross-vote scan ZAF/2024"
zaf-2024-vote-5-dha-transversal-it-appropriated,2024-02-21-zaf-2024-vote-5-dha-transversal-it-appropriated.md,ZAF,national,2024/25,appropriated,original,domestic-state,unstated,whole,false,1190100000,ZAR,"ENE 2024 full volume",,"budget-extract cross-vote scan ZAF/2024"
zaf-2024-vote-5-dha-identification-services-appropriated,2024-02-21-zaf-2024-vote-5-dha-identification-services-appropriated.md,ZAF,national,2024/25,appropriated,original,domestic-state,unstated,whole,false,184700000,ZAR,"ENE 2024 full volume",,"budget-extract cross-vote scan ZAF/2024"
zaf-2024-vote-5-dha-pnr-appropriated,2024-02-21-zaf-2024-vote-5-dha-pnr-appropriated.md,ZAF,national,2024/25,appropriated,original,domestic-state,unstated,whole,false,208000000,ZAR,"ENE 2024 full volume",,"budget-extract cross-vote scan ZAF/2024"
zaf-2024-vote-35-science-ict-transfers-appropriated,2024-02-21-zaf-2024-vote-35-science-ict-transfers-appropriated.md,ZAF,national,2024/25,appropriated,original,domestic-state,unstated,whole,false,22529000,ZAR,"B5-2024 Vote 35 schedule",,"budget re-extract 2026-07-22 — resolves first-run extraction failure"
zaf-2024-vote-5-dha-transversal-it-revised,2024-10-30-zaf-2024-vote-5-dha-transversal-it-revised.md,ZAF,national,2024/25,revised,revised,domestic-state,unstated,whole,false,1110636000,ZAR,"AENE 2024 full volume Vote 5",,"update-wiki extract 2026-07-22 — resolves B14 open question"
zaf-2025-vote-30-sa-connect-appropriated,2025-05-21-zaf-2025-vote-30-sa-connect-appropriated.md,ZAF,national,2025/26,appropriated,original,domestic-state,unstated,whole,false,267131000,ZAR,"ZAF/2025 corpus",,"budget-extract ZAF/2025"
zaf-2025-vote-30-p2-international-appropriated,2025-05-21-zaf-2025-vote-30-p2-international-appropriated.md,ZAF,national,2025/26,appropriated,original,domestic-state,unstated,whole,false,90000000,ZAR,"ZAF/2025 corpus",,"budget-extract ZAF/2025"
zaf-2025-vote-30-p3-policy-research-appropriated,2025-05-21-zaf-2025-vote-30-p3-policy-research-appropriated.md,ZAF,national,2025/26,appropriated,original,domestic-state,unstated,whole,false,41400000,ZAR,"ZAF/2025 corpus",,"budget-extract ZAF/2025"
zaf-2025-vote-30-p4-entity-oversight-appropriated,2025-05-21-zaf-2025-vote-30-p4-entity-oversight-appropriated.md,ZAF,national,2025/26,appropriated,original,domestic-state,unstated,partial,false,1769211000,ZAR,"ZAF/2025 corpus",,"budget-extract ZAF/2025"
zaf-2025-vote-30-p5-bdm-appropriated,2025-05-21-zaf-2025-vote-30-p5-bdm-appropriated.md,ZAF,national,2025/26,appropriated,original,domestic-state,unstated,whole,false,13986000,ZAR,"ZAF/2025 corpus",,"budget-extract ZAF/2025"
zaf-2025-vote-30-p5-ict-support-appropriated,2025-05-21-zaf-2025-vote-30-p5-ict-support-appropriated.md,ZAF,national,2025/26,appropriated,original,domestic-state,unstated,whole,false,9823000,ZAR,"ZAF/2025 corpus",,"budget-extract ZAF/2025"
zaf-2025-vote-30-p6-information-society-appropriated,2025-05-21-zaf-2025-vote-30-p6-information-society-appropriated.md,ZAF,national,2025/26,appropriated,original,domestic-state,unstated,whole,false,73100000,ZAR,"ZAF/2025 corpus",,"budget-extract ZAF/2025"
zaf-2025-vote-30-sa-connect-revised,2025-11-01-zaf-2025-vote-30-sa-connect-revised.md,ZAF,national,2025/26,revised,revised,domestic-state,unstated,whole,false,1250986000,ZAR,"ZAF/2025 corpus",,"budget-extract ZAF/2025"
zaf-2025-vote-5-dha-transversal-it-appropriated,2025-05-21-zaf-2025-vote-5-dha-transversal-it-appropriated.md,ZAF,national,2025/26,appropriated,original,domestic-state,unstated,whole,false,1146600000,ZAR,"ZAF/2025 corpus",,"budget-extract ZAF/2025"
zaf-2025-vote-5-dha-identification-services-appropriated,2025-05-21-zaf-2025-vote-5-dha-identification-services-appropriated.md,ZAF,national,2025/26,appropriated,original,domestic-state,unstated,whole,false,175800000,ZAR,"ZAF/2025 corpus",,"budget-extract ZAF/2025"
zaf-2025-vote-25-justice-modernisation-appropriated,2025-05-21-zaf-2025-vote-25-justice-modernisation-appropriated.md,ZAF,national,2025/26,appropriated,original,domestic-state,unstated,whole,false,695300000,ZAR,"ZAF/2025 corpus",,"budget-extract ZAF/2025"
zaf-2025-vote-25-information-regulator-appropriated,2025-05-21-zaf-2025-vote-25-information-regulator-appropriated.md,ZAF,national,2025/26,appropriated,original,domestic-state,unstated,whole,false,135700000,ZAR,"ZAF/2025 corpus",,"budget-extract ZAF/2025"
zaf-2025-vote-22-correctional-it-appropriated,2025-05-21-zaf-2025-vote-22-correctional-it-appropriated.md,ZAF,national,2025/26,appropriated,original,domestic-state,unstated,whole,false,377400000,ZAR,"ZAF/2025 corpus",,"budget-extract ZAF/2025"
zaf-2025-vote-14-statssa-business-modernisation-appropriated,2025-05-21-zaf-2025-vote-14-statssa-business-modernisation-appropriated.md,ZAF,national,2025/26,appropriated,original,domestic-state,unstated,whole,false,63300000,ZAR,"ZAF/2025 corpus",,"budget-extract ZAF/2025"
zaf-2025-vote-14-statssa-ict-appropriated,2025-05-21-zaf-2025-vote-14-statssa-ict-appropriated.md,ZAF,national,2025/26,appropriated,original,domestic-state,unstated,whole,false,149400000,ZAR,"ZAF/2025 corpus",,"budget-extract ZAF/2025"
zaf-2025-vote-39-dtic-digital-market-inquiry-appropriated,2025-05-21-zaf-2025-vote-39-dtic-digital-market-inquiry-appropriated.md,ZAF,national,2025/26,appropriated,original,domestic-state,unstated,whole,false,20600000,ZAR,"ZAF/2025 corpus",,"budget-extract ZAF/2025"
zaf-2025-vote-11-dpsa-egovernment-appropriated,2025-05-21-zaf-2025-vote-11-dpsa-egovernment-appropriated.md,ZAF,national,2025/26,appropriated,original,domestic-state,unstated,whole,false,23900000,ZAR,"ZAF/2025 corpus",,"budget-extract ZAF/2025"
zaf-2026-vote-30-sa-connect-appropriated,2026-02-25-zaf-2026-vote-30-sa-connect-appropriated.md,ZAF,national,2026/27,appropriated,original,domestic-state,unstated,whole,false,285100000,ZAR,"ZAF/2026 corpus",,"budget-extract ZAF/2026"
zaf-2026-vote-30-p2-ict-transformation-appropriated,2026-02-25-zaf-2026-vote-30-p2-ict-transformation-appropriated.md,ZAF,national,2026/27,appropriated,original,domestic-state,unstated,whole,false,108700000,ZAR,"ZAF/2026 corpus",,"budget-extract ZAF/2026"
zaf-2026-vote-30-media-content-appropriated,2026-02-25-zaf-2026-vote-30-media-content-appropriated.md,ZAF,national,2026/27,appropriated,original,domestic-state,unstated,partial,false,396900000,ZAR,"ZAF/2026 corpus",,"budget-extract ZAF/2026"
zaf-2026-vote-30-digital-comm-access-appropriated,2026-02-25-zaf-2026-vote-30-digital-comm-access-appropriated.md,ZAF,national,2026/27,appropriated,original,domestic-state,unstated,partial,false,1297300000,ZAR,"ZAF/2026 corpus",,"budget-extract ZAF/2026"
zaf-2026-vote-30-p5-broadcasting-tech-appropriated,2026-02-25-zaf-2026-vote-30-p5-broadcasting-tech-appropriated.md,ZAF,national,2026/27,appropriated,original,domestic-state,unstated,whole,false,9900000,ZAR,"ZAF/2026 corpus",,"budget-extract ZAF/2026"
zaf-2026-vote-30-digital-society-economy-appropriated,2026-02-25-zaf-2026-vote-30-digital-society-economy-appropriated.md,ZAF,national,2026/27,appropriated,original,domestic-state,unstated,whole,false,166900000,ZAR,"ZAF/2026 corpus",,"budget-extract ZAF/2026"
zaf-2026-vote-25-justice-modernisation-appropriated,2026-02-25-zaf-2026-vote-25-justice-modernisation-appropriated.md,ZAF,national,2026/27,appropriated,original,domestic-state,unstated,whole,false,727900000,ZAR,"ZAF/2026 corpus",,"budget-extract ZAF/2026"
zaf-2026-vote-25-information-regulator-appropriated,2026-02-25-zaf-2026-vote-25-information-regulator-appropriated.md,ZAF,national,2026/27,appropriated,original,domestic-state,unstated,whole,false,145915000,ZAR,"ZAF/2026 corpus",,"budget-extract ZAF/2026"
zaf-2026-vote-5-dha-transversal-it-appropriated,2026-02-25-zaf-2026-vote-5-dha-transversal-it-appropriated.md,ZAF,national,2026/27,appropriated,original,domestic-state,unstated,whole,false,1166900000,ZAR,"ZAF/2026 corpus",,"budget-extract ZAF/2026"
zaf-2026-vote-5-dha-identification-services-appropriated,2026-02-25-zaf-2026-vote-5-dha-identification-services-appropriated.md,ZAF,national,2026/27,appropriated,original,domestic-state,unstated,whole,false,181900000,ZAR,"ZAF/2026 corpus",,"budget-extract ZAF/2026"
zaf-2026-vote-14-statssa-business-modernisation-appropriated,2026-02-25-zaf-2026-vote-14-statssa-business-modernisation-appropriated.md,ZAF,national,2026/27,appropriated,original,domestic-state,unstated,whole,false,59200000,ZAR,"ZAF/2026 corpus",,"budget-extract ZAF/2026"
zaf-2026-vote-39-dtic-digital-market-inquiry-appropriated,2026-02-25-zaf-2026-vote-39-dtic-digital-market-inquiry-appropriated.md,ZAF,national,2026/27,appropriated,original,domestic-state,unstated,whole,false,33800000,ZAR,"ZAF/2026 corpus",,"budget-extract ZAF/2026"
zaf-2026-vote-11-dpsa-egovernment-appropriated,2026-02-25-zaf-2026-vote-11-dpsa-egovernment-appropriated.md,ZAF,national,2026/27,appropriated,original,domestic-state,unstated,whole,false,28600000,ZAR,"ZAF/2026 corpus",,"budget-extract ZAF/2026"
ken-2024-25-vote1122-ict-connectivity-appropriated,raw/2024-06-01-ken-2024-25-vote1122-ict-infrastructure-connectivity-appropriated.md,KEN,national,2024/25,appropriated,original,domestic-state,national-fisc,whole,false,9564900000,KES,"PBB FY2024/25 Part F p.533",,
ken-2024-25-vote1122-ict-connectivity-actual,raw/2025-08-01-ken-2024-25-vote1122-ict-infrastructure-connectivity-actual.md,KEN,national,2024/25,actual,final-revised-comparator,domestic-state,national-fisc,whole,false,6182420000,KES,"NG-BIRR FY2024/25 Table 4.46",,
ken-2024-25-vote1122-ict-bpo-appropriated,raw/2024-06-01-ken-2024-25-vote1122-ict-bpo-development-appropriated.md,KEN,national,2024/25,appropriated,original,domestic-state,national-fisc,whole,false,7823545150,KES,"PBB FY2024/25 Part F p.533",,
ken-2024-25-vote1122-egovernment-appropriated,raw/2024-06-01-ken-2024-25-vote1122-egovernment-services-appropriated.md,KEN,national,2024/25,appropriated,original,domestic-state,national-fisc,whole,false,4687513408,KES,"PBB FY2024/25 Part F p.533",,
ken-2024-25-vote1122-egovernment-actual,raw/2025-08-01-ken-2024-25-vote1122-egovernment-services-actual.md,KEN,national,2024/25,actual,final-revised-comparator,domestic-state,national-fisc,whole,false,2408260000,KES,"NG-BIRR FY2024/25 Table 4.46","","COB 105% irregular-reallocation flag"
ken-2024-25-immigration-population-management-appropriated,raw/2024-06-01-ken-2024-25-immigration-population-management-appropriated.md,KEN,national,2024/25,appropriated,original,domestic-state,national-fisc,whole,false,6836307352,KES,"PBB FY2024/25 Part F p.99",ken-2024-25-immigration-population-management-unclear,"case-5 reset of news-built record"
ken-2024-25-immigration-migration-citizen-services-appropriated,raw/2024-06-01-ken-2024-25-immigration-migration-citizen-services-appropriated.md,KEN,national,2024/25,appropriated,original,domestic-state,national-fisc,whole,false,6969014189,KES,"PBB FY2024/25 Part F p.99",ken-2024-25-immigration-migration-citizen-services-unclear,"case-5 reset of news-built record"
ken-2024-25-vote1024-ecitizen-services-revised,raw/2025-06-01-ken-2024-25-vote1024-ecitizen-services-revised.md,KEN,national,2024/25,revised,supplementary-iii,domestic-state,national-fisc,whole,false,2607650722,KES,"Supp III PBB Vote 1024 Part F p.65","","Supp II quadrupled the line; 3458/11000 services onboarded"
ken-2024-25-vote1071-egp-eprocurement-revised,raw/2024-08-01-ken-2024-25-vote1071-egp-eprocurement-revised.md,KEN,national,2024/25,revised,supplementary-i,domestic-state,national-fisc,whole,false,2270000000,KES,"Dev Supp I Vol I Form 2B p.439",,"cross-vote catch (Treasury vote)"
ken-2024-25-vote1071-kra-erp-crm-zeroed,raw/2024-08-01-ken-2024-25-vote1071-kra-erp-crm-zeroed.md,KEN,national,2024/25,revised,supplementary-i,domestic-state,national-fisc,whole,false,0,KES,"Dev Supp I Vol I Form 2B p.437",,"3.44bn line zeroed post-withdrawal"
ken-2025-26-vote1122-appropriated,raw/2025-06-01-ken-2025-26-vote1122-appropriated.md,KEN,national,2025/26,appropriated,original,domestic-state,national-fisc,whole,false,16188789796,KES,PBB FY2025/26 Vote 1122 Part F,,
ken-2025-26-vote1122-revised-supp-i,raw/2026-04-01-ken-2025-26-vote1122-revised-supp-i.md,KEN,national,2025/26,revised,supplementary-i,domestic-state,national-fisc,whole,false,12215127932,KES,Supp I PBB Vote 1122 Part F,,Supp II position unresolved
ken-2025-26-vote1024-ecitizen-appropriated,raw/2025-06-01-ken-2025-26-vote1024-ecitizen-appropriated.md,KEN,national,2025/26,appropriated,original,domestic-state,national-fisc,whole,false,3897457065,KES,PBB FY2025/26 Vote 1024 Part F,,
ken-2025-26-vote1024-identity-lines-revised-supp-i,raw/2026-04-01-ken-2025-26-vote1024-identity-lines-revised-supp-i.md,KEN,national,2025/26,revised,supplementary-i,domestic-state,national-fisc,whole,false,8668760147,KES,Supp I PBB Vote 1024 Part F,,NRB line; companions in body
ken-2025-26-vote1024-population-management-appropriated,raw/2025-06-01-ken-2025-26-vote1024-population-management-appropriated.md,KEN,national,2025/26,appropriated,original,domestic-state,national-fisc,whole,false,8085560928,KES,PBB FY2025/26 Vote 1024 Part F,,
ken-2026-27-vote1122-appropriated,raw/2026-06-01-ken-2026-27-vote1122-appropriated.md,KEN,national,2026/27,appropriated,original,domestic-state,national-fisc,whole,false,12763784217,KES,PBB FY2026/27 Vote 1122 Part F,,vote restructured; KDEAP 4.3bn external at origin gate
ken-2026-27-vote1122-data-protection-services-appropriated,raw/2026-06-01-ken-2026-27-vote1122-data-protection-services-appropriated.md,KEN,national,2026/27,appropriated,original,domestic-state,national-fisc,whole,false,917270000,KES,PBB FY2026/27 Vote 1122 Part F,,first visible data-protection line
ken-2026-27-vote1024-ecitizen-appropriated,raw/2026-06-01-ken-2026-27-vote1024-ecitizen-appropriated.md,KEN,national,2026/27,appropriated,original,domestic-state,national-fisc,whole,false,3612630188,KES,PBB FY2026/27 Vote 1024 Part F,,first decline
ken-2026-27-vote1024-population-management-appropriated,raw/2026-06-01-ken-2026-27-vote1024-population-management-appropriated.md,KEN,national,2026/27,appropriated,original,domestic-state,national-fisc,whole,false,10992970698,KES,PBB FY2026/27 Vote 1024 Part F,,
ago-2025-minttics-expansao-modernizacao-comunicacoes-appropriated,raw/2025/2025-01-01-ago-2025-minttics-expansao-modernizacao-comunicacoes-appropriated-programa.md,AGO,national,2025,appropriated,original,domestic-state,unstated,whole,false,229300000000,AOA,,,"case 4 reporting-only; parent programme captured, sub-lines (4G 107.8bn / 3G 29m / cyber 70.5bn) held in body to avoid parent-child double count; possible overlap with China Eximbank RNBL flagged; amount_usd left blank (source-stated conversion, no rate/basis)"
ago-2026-minttics-expansao-modernizacao-comunicacoes-appropriated,raw/2026/2026-01-01-ago-2026-minttics-expansao-modernizacao-comunicacoes-appropriated-programa.md,AGO,national,2026,appropriated,original,domestic-state,unstated,whole,false,159200000000,AOA,,,"case 4 reporting-only; parent programme captured (4G 62.7bn / cyber 32.3bn in body); -30.5% on FY2025; amount_usd left blank"
ago-2026-capacitacao-modernizacao-administracao-publica-proposed,raw/2026/2026-01-01-ago-2026-capacitacao-modernizacao-administracao-publica-proposed-e-gov.md,AGO,national,2026,proposed,original,domestic-state,unstated,partial,false,136700000000,AOA,,,"case 4 reporting-only; cross-vote e-gov programme, digital share not separable and not computed"
ago-2026-reforma-modernizacao-administracao-justica-proposed,raw/2026/2026-01-01-ago-2026-reforma-modernizacao-administracao-justica-proposed-justica.md,AGO,national,2026,proposed,original,domestic-state,unstated,partial,false,89600000000,AOA,,,"case 4 reporting-only; cross-vote justice-modernisation programme, digital share not separable"
ago-2025-minjusdh-bilhete-identidade-revised,raw/2025/2025-09-19-ago-2025-minjusdh-bilhete-identidade-revised-credito-suplementar.md,AGO,national,2025,revised,supplementary-1,domestic-state,unstated,whole,false,218500000,USD,"DR I.a Serie n.o 178, 19-Set-2025, pag. 20385, arts. 1.o-2.o",,"executive-instrument; supplementary_basis increment; stated in USD by the decree, no Kz equivalent"
ago-2026-minfin-telecomunicacoes-hospedagem-unclear,raw/2026/2026-01-07-ago-2026-minfin-telecomunicacoes-hospedagem-unclear-acordo-quadro.md,AGO,national,2026,unclear,original,domestic-state,unstated,whole,false,9200000000,AOA,"Despacho Presidencial n.o 12/26, n.os 1-2",,"executive-instrument; expenditure authorisation, not an appropriation line - stage unclear; vendor not yet awarded"
ago-2026-ima-licencas-microsoft-unclear,raw/2026/2026-01-13-ago-2026-ima-licencas-microsoft-unclear-licenciamento.md,AGO,national,2026,unclear,original,domestic-state,unstated,whole,false,8600000000,AOA,"Despacho Presidencial n.o 11/26, de 13-Jan-2026",,"executive-instrument; vendor Microsoft; centralised licensing for whole administration via IMA; underlying DDP/DPG programme vendor/donor-supported - origin flagged"
bdi-2026-cni-biometrique-proposed,raw/2026/2026-06-11-bdi-2026-cni-biometrique-proposed-cni-biometrique-budget-2026-27.md,BDI,national,2026,proposed,original,domestic-state,unstated,whole,false,16000000000,BIF,,,"official-statement (reporting) - no vote/programme code; USD blank (managed multiple FX + future FY2026/27); likely fisc counterpart to PAFEN P176396"
bdi-2024-mininter-logiciel-biometrie-revised,new/2024-07-01-bdi-2024-mininter-logiciel-biometrie-revised-pnb-career-biometrics.md,BDI,national,2024,revised,revised,domestic-state,domestic-revenue,whole,false,791990000,BIF,"MININTER PPM revise 2024-2025 LITERA 11 00 002 00 4 21450 11 000 0311 01",,"procurement-plan; native text; internal HR biometrics (dpi.govtech); USD blank (managed BIF FX)"
bdi-2025-mfben-facturation-electronique-revised,new/2025-07-01-bdi-2025-mfben-facturation-electronique-revised-efiscal.md,BDI,national,2025,revised,revised,domestic-state,unstated,whole,false,17203680000,BIF,"canevas MFBEN T3 2025-2026 (BUDGET ANNUEL REVISE)",,"native XLSX; largest BDI digital line; origin risk (e-fiscal possibly PAFEN-linked) flagged; execution cols empty; USD blank"
bdi-2025-mfben-interconnexion-ministeres-revised,new/2025-07-01-bdi-2025-mfben-interconnexion-ministeres-revised-gsb.md,BDI,national,2025,revised,revised,domestic-state,unstated,whole,false,824552530,BIF,"canevas MFBEN T3 2025-2026",,"govt interconnexion/GSB; revised-appropriation only; USD blank"
bdi-2025-mfben-securite-donnees-licences-revised,new/2025-07-01-bdi-2025-mfben-securite-donnees-licences-revised.md,BDI,national,2025,revised,revised,domestic-state,unstated,whole,false,545250000,BIF,"canevas MFBEN T3 2025-2026",,"data-security licences; USD blank"
bdi-2025-mfben-systeme-biometrique-gestion-revised,new/2025-07-01-bdi-2025-mfben-systeme-biometrique-gestion-revised.md,BDI,national,2025,revised,revised,domestic-state,unstated,whole,false,185765040,BIF,"canevas MFBEN T3 2025-2026",,"biometric management system; USD blank"
bdi-2025-mfben-serveur-archivage-donnees-revised,new/2025-07-01-bdi-2025-mfben-serveur-archivage-donnees-revised.md,BDI,national,2025,revised,revised,domestic-state,unstated,whole,false,90484558,BIF,"canevas MFBEN T3 2025-2026",,"server for data archiving/mgmt software; USD blank"
bdi-2025-setic-fonctionnement-revised,new/2025-07-01-bdi-2025-setic-fonctionnement-revised-egov-body.md,BDI,national,2025,revised,revised,domestic-state,unstated,whole,false,1174689923,BIF,"canevas MFBEN T3 2025-2026 (Assurer le fonctionnement du SETIC)",,"single-mandate carve-out (e-gov body); PPM detail not double-counted; USD blank"
bdi-2025-midcsp-logiciel-documents-securite-revised,new/2025-07-01-bdi-2025-midcsp-logiciel-documents-securite-revised.md,BDI,national,2025,revised,revised,domestic-state,unstated,whole,false,2500000000,BIF,"canevas MIDCSP T3 2025-2026",,"secure-document/ID production software maintenance (dpi.id); USD blank"
bdi-2025-midcsp-digitalisation-recettes-communales-revised,new/2025-07-01-bdi-2025-midcsp-digitalisation-recettes-communales-revised.md,BDI,national,2025,revised,revised,domestic-state,unstated,whole,false,2000000000,BIF,"canevas MIDCSP T3 2025-2026",,"digitalisation of communal revenue collection (30 communes); USD blank"
bdi-2025-midcsp-logiciel-permis-conduire-revised,new/2025-07-01-bdi-2025-midcsp-logiciel-permis-conduire-revised.md,BDI,national,2025,revised,revised,domestic-state,unstated,whole,false,120065000,BIF,"canevas MIDCSP T3 2025-2026",,"driving-licence production software maintenance (dpi.id); USD blank"
bdi-2025-fsu-villages-numeriques-revised,new/2025-07-01-bdi-2025-fsu-villages-numeriques-revised-own-source.md,BDI,levy-fund,2025,revised,revised,domestic-state,own-source,whole,false,4811751000,BIF,"FSU PPM revise 2025-2026 ligne 11",,"own-source levy fund (1% operator turnover); 3 Villages Numeriques; USD blank"
bdi-2026-fsu-connectivite-institutions-revised,new/2026-07-01-bdi-2026-fsu-connectivite-institutions-revised-own-source.md,BDI,levy-fund,2026,revised,revised,domestic-state,own-source,whole,false,11400288125,BIF,"FSU PPM revise 2026-2027 lignes 1-3,6-9",,"own-source; sum of 7 IP-transit connectivity lines (health+schools+telecentres); USD blank"
ben-2024-apdp-014-appropriated,new/2023-12-20-ben-2024-apdp-014-appropriated.md,BEN,national,2024,appropriated,original,domestic-state,domestic-revenue,whole,false,488277000,XOF,"*Tableaux de classifications croisées des dépenses de l'État sur la période pluriannuelle 2022-2027, budget LF 2025*, sheet `Classif Prog-Admin-Eco`, row `014`, 2024 column block",,
ben-2024-medias-109-appropriated,new/2023-12-20-ben-2024-medias-109-appropriated.md,BEN,national,2024,appropriated,original,domestic-state,domestic-revenue,partial,false,9159477000,XOF,"*Tableaux de classifications croisées des dépenses de l'État sur la période pluriannuelle 2022-2027, budget LF 2025*, sheet `Classif Prog-Admin-Eco`, row `109`, 2024 column block",,partial scope - reported separately from the headline total
ben-2024-modernisation-administration-publique-044-appropriated,new/2023-12-20-ben-2024-modernisation-administration-publique-044-appropriated.md,BEN,national,2024,appropriated,original,domestic-state,domestic-revenue,whole,false,1745017000,XOF,"*Tableaux de classifications croisées des dépenses de l'État sur la période pluriannuelle 2022-2027, budget LF 2025*, sheet `Classif Prog-Admin-Eco`, row `044`, 2024 column block",,API figure disputed; open contradiction brief
ben-2024-modernisation-regies-financieres-108-appropriated,new/2023-12-20-ben-2024-modernisation-regies-financieres-108-appropriated.md,BEN,national,2024,appropriated,original,domestic-state,domestic-revenue,whole,false,6000000000,XOF,"*Tableaux de classifications croisées des dépenses de l'État sur la période pluriannuelle 2022-2027, budget LF 2025*, sheet `Classif Prog-Admin-Eco`, row `108`, 2024 column block",,
ben-2024-numerique-111-appropriated,new/2023-12-20-ben-2024-numerique-111-appropriated.md,BEN,national,2024,appropriated,original,domestic-state,domestic-revenue,whole,false,6656403000,XOF,"*Tableaux de classifications croisées des dépenses de l'État sur la période pluriannuelle 2022-2027, budget LF 2025*, sheet `Classif Prog-Admin-Eco`, row `111`, 2024 column block",,
ben-2024-pilotage-mnd-100-appropriated,new/2023-12-20-ben-2024-pilotage-mnd-100-appropriated.md,BEN,national,2024,appropriated,original,domestic-state,domestic-revenue,partial,false,2495650000,XOF,"*Tableaux de classifications croisées des dépenses de l'État sur la période pluriannuelle 2022-2027, budget LF 2025*, sheet `Classif Prog-Admin-Eco`, row `100`, 2024 column block",,partial scope - reported separately from the headline total
ben-2025-apdp-014-appropriated,new/2024-12-12-ben-2025-apdp-014-appropriated.md,BEN,national,2025,appropriated,original,domestic-state,domestic-revenue,whole,false,638277000,XOF,"*Tableaux de classifications croisées des dépenses de l'État sur la période pluriannuelle 2022-2027, budget LF 2025*, sheet `Classif Prog-Admin-Eco`, row `014`, 2025 column block",,
ben-2025-medias-109-appropriated,new/2024-12-12-ben-2025-medias-109-appropriated.md,BEN,national,2025,appropriated,original,domestic-state,domestic-revenue,partial,false,10203391000,XOF,"*Tableaux de classifications croisées des dépenses de l'État sur la période pluriannuelle 2022-2027, budget LF 2025*, sheet `Classif Prog-Admin-Eco`, row `109`, 2025 column block",,partial scope - reported separately from the headline total
ben-2025-modernisation-administration-publique-044-appropriated,new/2024-12-12-ben-2025-modernisation-administration-publique-044-appropriated.md,BEN,national,2025,appropriated,original,domestic-state,domestic-revenue,whole,false,1812438000,XOF,"*Tableaux de classifications croisées des dépenses de l'État sur la période pluriannuelle 2022-2027, budget LF 2025*, sheet `Classif Prog-Admin-Eco`, row `044`, 2025 column block",,
ben-2025-modernisation-regies-financieres-108-appropriated,new/2024-12-12-ben-2025-modernisation-regies-financieres-108-appropriated.md,BEN,national,2025,appropriated,original,domestic-state,domestic-revenue,whole,false,6000000000,XOF,"*Tableaux de classifications croisées des dépenses de l'État sur la période pluriannuelle 2022-2027, budget LF 2025*, sheet `Classif Prog-Admin-Eco`, row `108`, 2025 column block",,
ben-2025-numerique-111-appropriated,new/2024-12-12-ben-2025-numerique-111-appropriated.md,BEN,national,2025,appropriated,original,domestic-state,domestic-revenue,whole,false,6386858000,XOF,"*Tableaux de classifications croisées des dépenses de l'État sur la période pluriannuelle 2022-2027, budget LF 2025*, sheet `Classif Prog-Admin-Eco`, row `111`, 2025 column block",,
ben-2025-pilotage-mnd-100-appropriated,new/2024-12-12-ben-2025-pilotage-mnd-100-appropriated.md,BEN,national,2025,appropriated,original,domestic-state,domestic-revenue,partial,false,2401717000,XOF,"*Tableaux de classifications croisées des dépenses de l'État sur la période pluriannuelle 2022-2027, budget LF 2025*, sheet `Classif Prog-Admin-Eco`, row `100`, 2025 column block",,partial scope - reported separately from the headline total
ben-2026-numerique-111-proposed,new/2025-11-25-ben-2026-numerique-111-proposed.md,BEN,national,2026,proposed,original,domestic-state,domestic-revenue,whole,false,5872151413,XOF,"*Tableaux de classifications croisées des dépenses de l'État sur la période pluriannuelle 2023-2028, budget PLF 2026*, sheet `Classif Prog-Admin-Eco`, row `111`, 2026 column block",,
ben-2026-apdp-014-appropriated,new/2025-12-04-ben-2026-apdp-014-appropriated.md,BEN,national,2026,appropriated,original,domestic-state,domestic-revenue,whole,false,738277000,XOF,"*Tableaux de classifications croisées des dépenses de l'État sur la période pluriannuelle 2022-2028, budget LF 2026*, sheet `Classif Prog-Admin-Eco`, row `014`, 2026 column block",,
ben-2026-medias-109-appropriated,new/2025-12-04-ben-2026-medias-109-appropriated.md,BEN,national,2026,appropriated,original,domestic-state,domestic-revenue,partial,false,12681648973,XOF,"*Tableaux de classifications croisées des dépenses de l'État sur la période pluriannuelle 2022-2028, budget LF 2026*, sheet `Classif Prog-Admin-Eco`, row `109`, 2026 column block",,partial scope - reported separately from the headline total
ben-2026-modernisation-administration-publique-044-appropriated,new/2025-12-04-ben-2026-modernisation-administration-publique-044-appropriated.md,BEN,national,2026,appropriated,original,domestic-state,domestic-revenue,whole,false,1779754024,XOF,"*Tableaux de classifications croisées des dépenses de l'État sur la période pluriannuelle 2022-2028, budget LF 2026*, sheet `Classif Prog-Admin-Eco`, row `044`, 2026 column block",,
ben-2026-modernisation-regies-financieres-108-appropriated,new/2025-12-04-ben-2026-modernisation-regies-financieres-108-appropriated.md,BEN,national,2026,appropriated,original,domestic-state,domestic-revenue,whole,false,6000000000,XOF,"*Tableaux de classifications croisées des dépenses de l'État sur la période pluriannuelle 2022-2028, budget LF 2026*, sheet `Classif Prog-Admin-Eco`, row `108`, 2026 column block",,
ben-2026-numerique-111-appropriated,new/2025-12-04-ben-2026-numerique-111-appropriated.md,BEN,national,2026,appropriated,original,domestic-state,domestic-revenue,whole,false,5872151413,XOF,"*Tableaux de classifications croisées des dépenses de l'État sur la période pluriannuelle 2022-2028, budget LF 2026*, sheet `Classif Prog-Admin-Eco`, row `111`, 2026 column block",,
ben-2026-pilotage-mnd-100-appropriated,new/2025-12-04-ben-2026-pilotage-mnd-100-appropriated.md,BEN,national,2026,appropriated,original,domestic-state,domestic-revenue,partial,false,2184235167,XOF,"*Tableaux de classifications croisées des dépenses de l'État sur la période pluriannuelle 2022-2028, budget LF 2026*, sheet `Classif Prog-Admin-Eco`, row `100`, 2026 column block",,partial scope - reported separately from the headline total
ben-2026-apdp-014-actual,new/2026-04-30-ben-2026-apdp-014-actual.md,BEN,national,2026,actual,original,domestic-state,domestic-revenue,whole,false,184569250,XOF,"*Note de présentation du projet de loi de finances rectificative pour la gestion 2026*, Annexe n° 2, *Situation d'exécution du budget par programme*, gestion 2026, période du 01/01/2026 au 30/04/2026, line `014`",,"four-month execution point (01/01-30/04/2026), not a full-year outturn"
ben-2026-medias-109-actual,new/2026-04-30-ben-2026-medias-109-actual.md,BEN,national,2026,actual,original,domestic-state,domestic-revenue,partial,false,234446843,XOF,"*Note de présentation du projet de loi de finances rectificative pour la gestion 2026*, Annexe n° 2, *Situation d'exécution du budget par programme*, gestion 2026, période du 01/01/2026 au 30/04/2026, line `109`",,"four-month execution point (01/01-30/04/2026), not a full-year outturn; partial scope - reported separately from the headline total"
ben-2026-modernisation-administration-publique-044-actual,new/2026-04-30-ben-2026-modernisation-administration-publique-044-actual.md,BEN,national,2026,actual,original,domestic-state,domestic-revenue,whole,false,92244238,XOF,"*Note de présentation du projet de loi de finances rectificative pour la gestion 2026*, Annexe n° 2, *Situation d'exécution du budget par programme*, gestion 2026, période du 01/01/2026 au 30/04/2026, line `044`",,"four-month execution point (01/01-30/04/2026), not a full-year outturn"
ben-2026-modernisation-regies-financieres-108-actual,new/2026-04-30-ben-2026-modernisation-regies-financieres-108-actual.md,BEN,national,2026,actual,original,domestic-state,domestic-revenue,whole,false,957413666,XOF,"*Note de présentation du projet de loi de finances rectificative pour la gestion 2026*, Annexe n° 2, *Situation d'exécution du budget par programme*, gestion 2026, période du 01/01/2026 au 30/04/2026, line `108`",,"four-month execution point (01/01-30/04/2026), not a full-year outturn"
ben-2026-numerique-111-actual,new/2026-04-30-ben-2026-numerique-111-actual.md,BEN,national,2026,actual,original,domestic-state,domestic-revenue,whole,false,77247968,XOF,"*Note de présentation du projet de loi de finances rectificative pour la gestion 2026*, Annexe n° 2, *Situation d'exécution du budget par programme*, gestion 2026, période du 01/01/2026 au 30/04/2026, line `111`",,"four-month execution point (01/01-30/04/2026), not a full-year outturn"
ben-2026-pilotage-mnd-100-actual,new/2026-04-30-ben-2026-pilotage-mnd-100-actual.md,BEN,national,2026,actual,original,domestic-state,domestic-revenue,partial,false,439474918,XOF,"*Note de présentation du projet de loi de finances rectificative pour la gestion 2026*, Annexe n° 2, *Situation d'exécution du budget par programme*, gestion 2026, période du 01/01/2026 au 30/04/2026, line `100`",,"four-month execution point (01/01-30/04/2026), not a full-year outturn; partial scope - reported separately from the headline total"
ben-2026-systeme-information-archivage-misp-080a4-appropriated,new/2025-12-04-ben-2026-systeme-information-archivage-misp-080a4-appropriated.md,BEN,national,2026,appropriated,original,domestic-state,domestic-revenue,whole,false,2331784417,XOF,"PAP VLF 2026 du MISP, §4.1, programme 080, Action 4",,"found by the acquisition pass, not the cross-vote scan; external tranche 10 739 415 185 FCFA unattributable (no funder named) and not recorded"
bfa-2024-31-095-appropriated,2023-12-15-bfa-2024-31-095-appropriated.md,BFA,national,2024,appropriated,original,domestic-state,domestic-revenue,whole,false,1387136000,XOF,"loi n°042-2023/ALT, section 31, programme 095",,
bfa-2024-31-136-appropriated,2023-12-15-bfa-2024-31-136-appropriated.md,BFA,national,2024,appropriated,original,domestic-state,domestic-revenue,whole,false,926460000,XOF,"loi n°042-2023/ALT, section 31, programme 136",,
bfa-2025-31-095-appropriated,2024-12-23-bfa-2025-31-095-appropriated.md,BFA,national,2025,appropriated,original,domestic-state,domestic-revenue,whole,false,1245357000,XOF,"loi n°042-2024/ALT, section 31, programme 095",,"Contrepartie not attributable to a programme; domestic capital is the identified Etat Seul chapters only, so the domestic figure is a floor"
bfa-2025-31-136-appropriated,2024-12-23-bfa-2025-31-136-appropriated.md,BFA,national,2025,appropriated,original,domestic-state,domestic-revenue,whole,false,5845994000,XOF,"loi n°042-2024/ALT, section 31, programme 136",,"Contrepartie not attributable to a programme; domestic capital is the identified Etat Seul chapters only, so the domestic figure is a floor"
bfa-2026-31-095-appropriated,2025-12-27-bfa-2026-31-095-appropriated.md,BFA,national,2026,appropriated,original,domestic-state,domestic-revenue,whole,false,1187169000,XOF,"loi n°021-2025/ALT, section 31, programme 095",,"Contrepartie not attributable to a programme; domestic capital is the identified Etat Seul chapters only, so the domestic figure is a floor"
bfa-2026-31-136-appropriated,2025-12-27-bfa-2026-31-136-appropriated.md,BFA,national,2026,appropriated,original,domestic-state,domestic-revenue,whole,false,1916611000,XOF,"loi n°021-2025/ALT, section 31, programme 136",,"Contrepartie not attributable to a programme; domestic capital is the identified Etat Seul chapters only, so the domestic figure is a floor"
bfa-2024-59-122-appropriated,2023-12-15-bfa-2024-59-122-appropriated.md,BFA,national,2024,appropriated,original,domestic-state,domestic-revenue,whole,false,857062000,XOF,"loi n°042-2023/ALT, section 59, programme 122",,single-mandate carve-out
bfa-2025-59-122-appropriated,2024-12-23-bfa-2025-59-122-appropriated.md,BFA,national,2025,appropriated,original,domestic-state,domestic-revenue,whole,false,498999000,XOF,"loi n°042-2024/ALT, section 59, programme 122",,single-mandate carve-out
bfa-2026-59-122-appropriated,2025-12-27-bfa-2026-59-122-appropriated.md,BFA,national,2026,appropriated,original,domestic-state,domestic-revenue,whole,false,489799000,XOF,"loi n°021-2025/ALT, section 59, programme 122",,single-mandate carve-out
bfa-2024-03-anssi-appropriated,2023-12-15-bfa-2024-03-anssi-appropriated.md,BFA,national,2024,appropriated,original,domestic-state,domestic-revenue,whole,false,444200000,XOF,"loi n°042-2023/ALT, section 03, ANSSI",,"single-mandate carve-out; capital/recurrent split not stated at this grain, left blank"
bfa-2025-31-anssi-appropriated,2024-12-23-bfa-2025-31-anssi-appropriated.md,BFA,national,2025,appropriated,original,domestic-state,domestic-revenue,whole,false,498036000,XOF,"loi n°042-2024/ALT, section 31, ANSSI",,"single-mandate carve-out; capital/recurrent split not stated at this grain, left blank"
bfa-2026-31-anssi-appropriated,2025-12-27-bfa-2026-31-anssi-appropriated.md,BFA,national,2026,appropriated,original,domestic-state,domestic-revenue,whole,false,489236000,XOF,"loi n°021-2025/ALT, section 31, ANSSI",,"single-mandate carve-out; capital/recurrent split not stated at this grain, left blank"
bfa-2024-09-01208-appropriated,2023-12-15-bfa-2024-09-01208-appropriated.md,BFA,national,2024,appropriated,original,domestic-state,unstated,whole,false,4357486000,XOF,"loi n°042-2023/ALT, section 09, action 01208",,origin stated at section grain only; recorded domestic-state and flagged
bfa-2025-13-01208-appropriated,2024-12-23-bfa-2025-13-01208-appropriated.md,BFA,national,2025,appropriated,original,domestic-state,unstated,whole,false,5174480000,XOF,"loi n°042-2024/ALT, section 13, action 01208",,origin stated at section grain only; recorded domestic-state and flagged
bfa-2026-13-16803-appropriated,2025-12-27-bfa-2026-13-16803-appropriated.md,BFA,national,2026,appropriated,original,domestic-state,unstated,whole,false,5025702000,XOF,"loi n°021-2025/ALT, section 13, action 16803",,origin stated at section grain only; recorded domestic-state and flagged
bfa-2024-14-1803100311-appropriated,2023-12-15-bfa-2024-14-1803100311-appropriated.md,BFA,national,2024,appropriated,original,domestic-state,unstated,whole,false,1450000000,XOF,"loi n°042-2023/ALT, section 14, chapitre 1803100311",,origin stated at section grain only; economic split not printed at chapitre grain
bfa-2025-14-1803100311-appropriated,2024-12-23-bfa-2025-14-1803100311-appropriated.md,BFA,national,2025,appropriated,original,domestic-state,unstated,whole,false,300000000,XOF,"loi n°042-2024/ALT, section 14, chapitre 1803100311",,origin stated at section grain only; economic split not printed at chapitre grain
bfa-2026-14-1803100311-appropriated,2025-12-27-bfa-2026-14-1803100311-appropriated.md,BFA,national,2026,appropriated,original,domestic-state,unstated,whole,false,500000000,XOF,"loi n°021-2025/ALT, section 14, chapitre 1803100311",,origin stated at section grain only; economic split not printed at chapitre grain
bfa-2024-31-095-actual,2025-03-01-bfa-2024-31-095-actual.md,BFA,national,2024,actual,original,domestic-state,domestic-revenue,whole,false,272081258,XOF,"execution report exercice 2024, Annexe 6, section 31 programme 095",,FY2024 Annexe 6 is hors financements exterieurs -- domestic grain
bfa-2024-31-136-actual,2025-03-01-bfa-2024-31-136-actual.md,BFA,national,2024,actual,original,domestic-state,domestic-revenue,whole,false,663028000,XOF,"execution report exercice 2024, Annexe 6, section 31 programme 136",,FY2024 Annexe 6 is hors financements exterieurs -- domestic grain
bfa-2024-59-122-actual,2025-03-01-bfa-2024-59-122-actual.md,BFA,national,2024,actual,original,domestic-state,domestic-revenue,whole,false,799459500,XOF,"execution report exercice 2024, Annexe 6, section 59 programme 122",,FY2024 Annexe 6 is hors financements exterieurs -- domestic grain
bfa-2025-59-122-actual,2026-04-01-bfa-2025-59-122-actual.md,BFA,national,2025,actual,original,domestic-state,domestic-revenue,whole,false,480297496,XOF,"execution report exercice 2025, Annexe 6, section 59 programme 122",,"FY2025 Annexe 6 includes external financing; recorded for section 59 only, which carries no external line"
bwa-2024-2400-11631-appropriated,2024-04-01-bwa-2024-2400-11631-appropriated-information-and-communications-technolog.md,BWA,national,2024,appropriated,original,domestic-state,domestic-revenue,whole,false,736601447,BWP,"ESTIMATED DEVELOPMENT EXPENDITURE BY PROJECT 2024-25, organisation 2400, departments 2404 and 2406, project 11631",,
bwa-2024-2400-11631-revised,2025-02-09-bwa-2024-2400-11631-revised-information-and-communications-technolog.md,BWA,national,2024,revised,revised,domestic-state,domestic-revenue,whole,false,266648447,BWP,"ESTIMATED DEVELOPMENT EXPENDITURE BY PROJECT 2025-26, column `2024-25`, organisation 2400, departments 2404 and 2406, project 11631",,
bwa-2024-2400-11637-appropriated,2024-04-01-bwa-2024-2400-11637-appropriated-research-and-development.md,BWA,national,2024,appropriated,original,domestic-state,domestic-revenue,unclear,false,983694000,BWP,"ESTIMATED DEVELOPMENT EXPENDITURE BY PROJECT 2024-25, organisation 2400, department 2407, project 11637",,
bwa-2024-2400-11637-revised,2025-02-09-bwa-2024-2400-11637-revised-research-and-development.md,BWA,national,2024,revised,revised,domestic-state,domestic-revenue,unclear,false,511419000,BWP,"ESTIMATED DEVELOPMENT EXPENDITURE BY PROJECT 2025-26, column `2024-25`, organisation 2400, departments 2407 and 2409, project 11637",,
bwa-2024-2400-development-actual,2025-03-31-bwa-2024-2400-development-actual-development-fund-actual-expenditure-orga.md,BWA,national,2024,actual,original,domestic-state,domestic-revenue,partial,false,514090181,BWP,"TABLE II — SUMMARY OF DEVELOPMENT FUND EXPENDITURE 2019/2020 TO 2026/2027, OLD MINISTRIES column 2024/25, organisation 2400",,
bwa-2024-2400-2404-appropriated,2024-04-01-bwa-2024-2400-2404-appropriated-department-of-digital-communications-inf.md,BWA,national,2024,appropriated,original,domestic-state,domestic-revenue,whole,false,13246620,BWP,"Ministry 2400, organisation summary, column `Estimate 2024-25`, department 2404",,
bwa-2024-2400-2404-revised,2025-02-09-bwa-2024-2400-2404-revised-department-of-digital-communications-inf.md,BWA,national,2024,revised,revised,domestic-state,domestic-revenue,whole,false,13126140,BWP,"Ministry 2400, organisation summary, column `Authorised Expenditure 2024-25`, department 2404",,
bwa-2024-2400-2404-actual,2025-03-31-bwa-2024-2400-2404-actual-department-of-digital-communications-inf.md,BWA,national,2024,actual,original,domestic-state,domestic-revenue,whole,false,12341893,BWP,"Ministry 2400, organisation summary, column `Actual Expenditure to 31-03-25`, department 2404",,
bwa-2024-2400-2406-appropriated,2024-04-01-bwa-2024-2400-2406-appropriated-department-of-shared-digital-services.md,BWA,national,2024,appropriated,original,domestic-state,domestic-revenue,whole,false,587270280,BWP,"Ministry 2400, organisation summary, column `Estimate 2024-25`, department 2406",,
bwa-2024-2400-2406-revised,2025-02-09-bwa-2024-2400-2406-revised-department-of-shared-digital-services.md,BWA,national,2024,revised,revised,domestic-state,domestic-revenue,whole,false,555644290,BWP,"Ministry 2400, organisation summary, column `Authorised Expenditure 2024-25`, department 2406",,
bwa-2024-2400-2406-actual,2025-03-31-bwa-2024-2400-2406-actual-department-of-shared-digital-services.md,BWA,national,2024,actual,original,domestic-state,domestic-revenue,whole,false,487118818,BWP,"Ministry 2400, organisation summary, column `Actual Expenditure to 31-03-25`, department 2406",,
bwa-2024-0200-11015-appropriated,2024-04-01-bwa-2024-0200-11015-appropriated-msp-computerisation.md,BWA,national,2024,appropriated,original,domestic-state,domestic-revenue,whole,false,156890000,BWP,"ESTIMATED DEVELOPMENT EXPENDITURE BY PROJECT 2024-25, organisation 0200, project 11015",,
bwa-2024-0200-11015-revised,2025-02-09-bwa-2024-0200-11015-revised-msp-computerisation.md,BWA,national,2024,revised,revised,domestic-state,domestic-revenue,whole,false,156890000,BWP,"ESTIMATED DEVELOPMENT EXPENDITURE BY PROJECT 2025-26, column `2024-25`, organisation 0200, project 11015",,
bwa-2024-0600-11161-appropriated,2024-04-01-bwa-2024-0600-11161-appropriated-mesd-computerisation.md,BWA,national,2024,appropriated,original,domestic-state,domestic-revenue,whole,false,120510000,BWP,"ESTIMATED DEVELOPMENT EXPENDITURE BY PROJECT 2024-25, organisation 0600, project 11161",,
bwa-2024-0600-11161-revised,2025-02-09-bwa-2024-0600-11161-revised-mesd-computerisation.md,BWA,national,2024,revised,revised,domestic-state,domestic-revenue,whole,false,70510000,BWP,"ESTIMATED DEVELOPMENT EXPENDITURE BY PROJECT 2025-26, column `2024-25`, organisation 0600, project 11161",,
bwa-2024-0400-11081-appropriated,2024-04-01-bwa-2024-0400-11081-appropriated-computerisation.md,BWA,national,2024,appropriated,original,domestic-state,domestic-revenue,whole,false,56500000,BWP,"ESTIMATED DEVELOPMENT EXPENDITURE BY PROJECT 2024-25, organisation 0400, project 11081",,
bwa-2024-0400-11081-revised,2025-02-09-bwa-2024-0400-11081-revised-computerisation.md,BWA,national,2024,revised,revised,domestic-state,domestic-revenue,whole,false,22494000,BWP,"ESTIMATED DEVELOPMENT EXPENDITURE BY PROJECT 2025-26, column `2024-25`, organisation 0400, project 11081",,
bwa-2024-0300-11061-appropriated,2024-04-01-bwa-2024-0300-11061-appropriated-mof-computerisation.md,BWA,national,2024,appropriated,original,domestic-state,domestic-revenue,whole,false,48739941,BWP,"ESTIMATED DEVELOPMENT EXPENDITURE BY PROJECT 2024-25, organisation 0300, project 11061",,
bwa-2024-0300-11061-revised,2025-02-09-bwa-2024-0300-11061-revised-mof-computerisation.md,BWA,national,2024,revised,revised,domestic-state,domestic-revenue,whole,false,35181175,BWP,"ESTIMATED DEVELOPMENT EXPENDITURE BY PROJECT 2025-26, column `2024-25`, organisation 0300, project 11061",,
bwa-2024-1100-11335-appropriated,2024-04-01-bwa-2024-1100-11335-appropriated-moh-computerisation.md,BWA,national,2024,appropriated,original,domestic-state,domestic-revenue,whole,false,33240000,BWP,"ESTIMATED DEVELOPMENT EXPENDITURE BY PROJECT 2024-25, organisation 1100, project 11335",,
bwa-2024-1100-11335-revised,2025-02-09-bwa-2024-1100-11335-revised-moh-computerisation.md,BWA,national,2024,revised,revised,domestic-state,domestic-revenue,whole,false,16335935,BWP,"ESTIMATED DEVELOPMENT EXPENDITURE BY PROJECT 2025-26, column `2024-25`, organisation 1100, project 11335",,
bwa-2024-0500-11116-appropriated,2024-04-01-bwa-2024-0500-11116-appropriated-moa-computerisation.md,BWA,national,2024,appropriated,original,domestic-state,domestic-revenue,whole,false,33150000,BWP,"ESTIMATED DEVELOPMENT EXPENDITURE BY PROJECT 2024-25, organisation 0500, project 11116",,
bwa-2024-0500-11116-revised,2025-02-09-bwa-2024-0500-11116-revised-moa-computerisation.md,BWA,national,2024,revised,revised,domestic-state,domestic-revenue,whole,false,31150000,BWP,"ESTIMATED DEVELOPMENT EXPENDITURE BY PROJECT 2025-26, column `2024-25`, organisation 0500, project 11116",,
bwa-2024-0700-11212-appropriated,2024-04-01-bwa-2024-0700-11212-appropriated-mti-computerisation.md,BWA,national,2024,appropriated,original,domestic-state,domestic-revenue,whole,false,8000000,BWP,"ESTIMATED DEVELOPMENT EXPENDITURE BY PROJECT 2024-25, organisation 0700, project 11212",,
bwa-2024-0700-11212-revised,2025-02-09-bwa-2024-0700-11212-revised-mti-computerisation.md,BWA,national,2024,revised,revised,domestic-state,domestic-revenue,whole,false,8120320,BWP,"ESTIMATED DEVELOPMENT EXPENDITURE BY PROJECT 2025-26, column `2024-25`, organisation 0700, project 11212",,
bwa-2024-2000-11503-appropriated,2024-04-01-bwa-2024-2000-11503-appropriated-met-computerisation.md,BWA,national,2024,appropriated,original,domestic-state,domestic-revenue,whole,false,7709700,BWP,"ESTIMATED DEVELOPMENT EXPENDITURE BY PROJECT 2024-25, organisation 2000, project 11503",,
bwa-2024-2000-11503-revised,2025-02-09-bwa-2024-2000-11503-revised-met-computerisation.md,BWA,national,2024,revised,revised,domestic-state,domestic-revenue,whole,false,4453000,BWP,"ESTIMATED DEVELOPMENT EXPENDITURE BY PROJECT 2025-26, column `2024-25`, organisation 2000, project 11503",,
bwa-2024-3000-11861-appropriated,2024-04-01-bwa-2024-3000-11861-appropriated-moe-computerisation.md,BWA,national,2024,appropriated,original,domestic-state,domestic-revenue,whole,false,7338240,BWP,"ESTIMATED DEVELOPMENT EXPENDITURE BY PROJECT 2024-25, organisation 3000, project 11861",,
bwa-2024-2900-11832-appropriated,2024-04-01-bwa-2024-2900-11832-appropriated-computerisation.md,BWA,national,2024,appropriated,original,domestic-state,domestic-revenue,whole,false,7109454,BWP,"ESTIMATED DEVELOPMENT EXPENDITURE BY PROJECT 2024-25, organisation 2900, project 11832",,
bwa-2024-2900-11832-revised,2025-02-09-bwa-2024-2900-11832-revised-computerisation.md,BWA,national,2024,revised,revised,domestic-state,domestic-revenue,whole,false,2800000,BWP,"ESTIMATED DEVELOPMENT EXPENDITURE BY PROJECT 2025-26, column `2024-25`, organisation 2900, project 11832",,
bwa-2024-1200-11382-appropriated,2024-04-01-bwa-2024-1200-11382-appropriated-aoj-computerisation.md,BWA,national,2024,appropriated,original,domestic-state,domestic-revenue,whole,false,4908495,BWP,"ESTIMATED DEVELOPMENT EXPENDITURE BY PROJECT 2024-25, organisation 1200, project 11382",,
bwa-2024-1200-11382-revised,2025-02-09-bwa-2024-1200-11382-revised-aoj-computerisation.md,BWA,national,2024,revised,revised,domestic-state,domestic-revenue,whole,false,2849897,BWP,"ESTIMATED DEVELOPMENT EXPENDITURE BY PROJECT 2025-26, column `2024-25`, organisation 1200, project 11382",,
bwa-2024-2300-11584-appropriated,2024-04-01-bwa-2024-2300-11584-appropriated-information-and-communications.md,BWA,national,2024,appropriated,original,domestic-state,domestic-revenue,whole,false,3657150,BWP,"ESTIMATED DEVELOPMENT EXPENDITURE BY PROJECT 2024-25, organisation 2300, project 11584",,
bwa-2024-2300-11584-revised,2025-02-09-bwa-2024-2300-11584-revised-information-and-communications.md,BWA,national,2024,revised,revised,domestic-state,domestic-revenue,whole,false,19055750,BWP,"ESTIMATED DEVELOPMENT EXPENDITURE BY PROJECT 2025-26, column `2024-25`, organisation 2300, project 11584",,
bwa-2025-2400-11631-appropriated,2025-03-31-bwa-2025-2400-11631-appropriated-information-and-communications-technolog.md,BWA,national,2025,appropriated,original,domestic-state,domestic-revenue,whole,false,369079545,BWP,"ESTIMATED DEVELOPMENT EXPENDITURE BY PROJECT 2025-26, organisation 2400, departments 2404 and 2406, project 11631",,
bwa-2025-2400-11631-revised,2025-08-01-bwa-2025-2400-11631-revised-information-and-communications-technolog.md,BWA,national,2025,revised,revised,domestic-state,domestic-revenue,whole,false,338683428,BWP,"ESTIMATED DEVELOPMENT EXPENDITURE BY PROJECT 2026-27, column `Estimated Expenditure 2025-26`, organisation 2400, departments 2404 and 2406, project 12481",,
bwa-2025-2400-11631-actual,2025-12-05-bwa-2025-2400-11631-actual-information-and-communications-technolog.md,BWA,national,2025,actual,original,domestic-state,domestic-revenue,whole,false,142712599,BWP,"ESTIMATED DEVELOPMENT EXPENDITURE BY PROJECT 2026-27, column `Actual Expenditure (05 December 2025)`, organisation 2400, departments 2404 and 2406, project 12481",,
bwa-2025-2400-11637-appropriated,2025-03-31-bwa-2025-2400-11637-appropriated-research-and-development.md,BWA,national,2025,appropriated,original,domestic-state,domestic-revenue,unclear,false,477403718,BWP,"ESTIMATED DEVELOPMENT EXPENDITURE BY PROJECT 2025-26, organisation 2400, departments 2407 and 2409, project 11637",,
bwa-2025-2400-11637-revised,2025-08-01-bwa-2025-2400-11637-revised-research-and-development.md,BWA,national,2025,revised,revised,domestic-state,domestic-revenue,unclear,false,185786978,BWP,"ESTIMATED DEVELOPMENT EXPENDITURE BY PROJECT 2026-27, column `Estimated Expenditure 2025-26`, organisation 2400, departments 2407 and 2409, project 12482",,
bwa-2025-2400-11637-actual,2025-12-05-bwa-2025-2400-11637-actual-research-and-development.md,BWA,national,2025,actual,original,domestic-state,domestic-revenue,unclear,false,42771544,BWP,"ESTIMATED DEVELOPMENT EXPENDITURE BY PROJECT 2026-27, column `Actual Expenditure (05 December 2025)`, organisation 2400, departments 2407 and 2409, project 12482",,
bwa-2025-2400-2404-appropriated,2025-03-31-bwa-2025-2400-2404-appropriated-department-of-digital-communications-inf.md,BWA,national,2025,appropriated,original,domestic-state,domestic-revenue,whole,false,13737390,BWP,"Ministry 2400, organisation summary, column `Estimate 2025-26`, department 2404",,
bwa-2025-2400-2406-appropriated,2025-03-31-bwa-2025-2400-2406-appropriated-department-of-shared-digital-services.md,BWA,national,2025,appropriated,original,domestic-state,domestic-revenue,whole,false,594362280,BWP,"Ministry 2400, organisation summary, column `Estimate 2025-26`, department 2406",,
bwa-2025-0600-12104-appropriated,2025-03-31-bwa-2025-0600-12104-appropriated-mcwbe-computerisation.md,BWA,national,2025,appropriated,original,domestic-state,domestic-revenue,whole,false,270000000,BWP,"ESTIMATED DEVELOPMENT EXPENDITURE BY PROJECT 2025-26, organisation 0600, project 12104 (TNDP code)",,
bwa-2025-0600-12104-revised,2025-08-01-bwa-2025-0600-12104-revised-mcwbe-computerisation.md,BWA,national,2025,revised,revised,domestic-state,domestic-revenue,whole,false,38819833,BWP,"ESTIMATED DEVELOPMENT EXPENDITURE BY PROJECT 2026-27, column `Estimated Expenditure 2025-26`, organisation 0600, project 12104",,
bwa-2025-0600-12104-actual,2025-12-05-bwa-2025-0600-12104-actual-mcwbe-computerisation.md,BWA,national,2025,actual,original,domestic-state,domestic-revenue,whole,false,0,BWP,"ESTIMATED DEVELOPMENT EXPENDITURE BY PROJECT 2026-27, column `Actual Expenditure (05 December 2025)`, organisation 0600, project 12104",,
bwa-2025-0200-12024-appropriated,2025-03-31-bwa-2025-0200-12024-appropriated-msp-computerisation.md,BWA,national,2025,appropriated,original,domestic-state,domestic-revenue,whole,false,104080000,BWP,"ESTIMATED DEVELOPMENT EXPENDITURE BY PROJECT 2025-26, organisation 0200, project 12024 (TNDP code)",,
bwa-2025-0200-12024-revised,2025-08-01-bwa-2025-0200-12024-revised-msp-computerisation.md,BWA,national,2025,revised,revised,domestic-state,domestic-revenue,whole,false,64074943,BWP,"ESTIMATED DEVELOPMENT EXPENDITURE BY PROJECT 2026-27, column `Estimated Expenditure 2025-26`, organisation 0200, project 12024",,
bwa-2025-0200-12024-actual,2025-12-05-bwa-2025-0200-12024-actual-msp-computerisation.md,BWA,national,2025,actual,original,domestic-state,domestic-revenue,whole,false,41740940,BWP,"ESTIMATED DEVELOPMENT EXPENDITURE BY PROJECT 2026-27, column `Actual Expenditure (05 December 2025)`, organisation 0200, project 12024",,
bwa-2025-0300-12041-appropriated,2025-03-31-bwa-2025-0300-12041-appropriated-mof-computerisation.md,BWA,national,2025,appropriated,original,domestic-state,domestic-revenue,whole,false,84571040,BWP,"ESTIMATED DEVELOPMENT EXPENDITURE BY PROJECT 2025-26, organisation 0300, project 12041 (TNDP code)",,
bwa-2025-0300-12041-revised,2025-08-01-bwa-2025-0300-12041-revised-mof-computerisation.md,BWA,national,2025,revised,revised,domestic-state,domestic-revenue,whole,false,84571040,BWP,"ESTIMATED DEVELOPMENT EXPENDITURE BY PROJECT 2026-27, column `Estimated Expenditure 2025-26`, organisation 0300, project 12041",,
bwa-2025-0300-12041-actual,2025-12-05-bwa-2025-0300-12041-actual-mof-computerisation.md,BWA,national,2025,actual,original,domestic-state,domestic-revenue,whole,false,5154933,BWP,"ESTIMATED DEVELOPMENT EXPENDITURE BY PROJECT 2026-27, column `Actual Expenditure (05 December 2025)`, organisation 0300, project 12041",,
bwa-2025-2300-12461-appropriated,2025-03-31-bwa-2025-2300-12461-appropriated-information-and-communications-technolog.md,BWA,national,2025,appropriated,original,domestic-state,domestic-revenue,whole,false,27597281,BWP,"ESTIMATED DEVELOPMENT EXPENDITURE BY PROJECT 2025-26, organisation 2300, project 12461 (TNDP code)",,
bwa-2025-2300-12461-revised,2025-08-01-bwa-2025-2300-12461-revised-information-and-communications-technolog.md,BWA,national,2025,revised,revised,domestic-state,domestic-revenue,whole,false,13597281,BWP,"ESTIMATED DEVELOPMENT EXPENDITURE BY PROJECT 2026-27, column `Estimated Expenditure 2025-26`, organisation 2300, project 12461",,
bwa-2025-2300-12461-actual,2025-12-05-bwa-2025-2300-12461-actual-information-and-communications-technolog.md,BWA,national,2025,actual,original,domestic-state,domestic-revenue,whole,false,3663284,BWP,"ESTIMATED DEVELOPMENT EXPENDITURE BY PROJECT 2026-27, column `Actual Expenditure (05 December 2025)`, organisation 2300, project 12461",,
bwa-2025-0500-12084-appropriated,2025-03-31-bwa-2025-0500-12084-appropriated-mla-computerisation.md,BWA,national,2025,appropriated,original,domestic-state,domestic-revenue,whole,false,25000000,BWP,"ESTIMATED DEVELOPMENT EXPENDITURE BY PROJECT 2025-26, organisation 0500, project 12084 (TNDP code)",,
bwa-2025-0500-12084-revised,2025-08-01-bwa-2025-0500-12084-revised-mla-computerisation.md,BWA,national,2025,revised,revised,domestic-state,domestic-revenue,whole,false,25000000,BWP,"ESTIMATED DEVELOPMENT EXPENDITURE BY PROJECT 2026-27, column `Estimated Expenditure 2025-26`, organisation 0500, project 12084",,
bwa-2025-0500-12084-actual,2025-12-05-bwa-2025-0500-12084-actual-mla-computerisation.md,BWA,national,2025,actual,original,domestic-state,domestic-revenue,whole,false,5100,BWP,"ESTIMATED DEVELOPMENT EXPENDITURE BY PROJECT 2026-27, column `Actual Expenditure (05 December 2025)`, organisation 0500, project 12084",,
bwa-2025-0400-12061-appropriated,2025-03-31-bwa-2025-0400-12061-appropriated-computerisation.md,BWA,national,2025,appropriated,original,domestic-state,domestic-revenue,whole,false,18700000,BWP,"ESTIMATED DEVELOPMENT EXPENDITURE BY PROJECT 2025-26, organisation 0400, project 12061 (TNDP code)",,
bwa-2025-0400-12061-revised,2025-08-01-bwa-2025-0400-12061-revised-computerisation.md,BWA,national,2025,revised,revised,domestic-state,domestic-revenue,whole,false,12200000,BWP,"ESTIMATED DEVELOPMENT EXPENDITURE BY PROJECT 2026-27, column `Estimated Expenditure 2025-26`, organisation 0400, project 12061",,
bwa-2025-0400-12061-actual,2025-12-05-bwa-2025-0400-12061-actual-computerisation.md,BWA,national,2025,actual,original,domestic-state,domestic-revenue,whole,false,4425317,BWP,"ESTIMATED DEVELOPMENT EXPENDITURE BY PROJECT 2026-27, column `Actual Expenditure (05 December 2025)`, organisation 0400, project 12061",,
bwa-2025-1100-12244-appropriated,2025-03-31-bwa-2025-1100-12244-appropriated-moh-computerisation.md,BWA,national,2025,appropriated,original,domestic-state,domestic-revenue,whole,false,10800000,BWP,"ESTIMATED DEVELOPMENT EXPENDITURE BY PROJECT 2025-26, organisation 1100, project 12244 (TNDP code)",,
bwa-2025-1100-12244-revised,2025-08-01-bwa-2025-1100-12244-revised-moh-computerisation.md,BWA,national,2025,revised,revised,domestic-state,domestic-revenue,whole,false,9500000,BWP,"ESTIMATED DEVELOPMENT EXPENDITURE BY PROJECT 2026-27, column `Estimated Expenditure 2025-26`, organisation 1100, project 12244",,
bwa-2025-1100-12244-actual,2025-12-05-bwa-2025-1100-12244-actual-moh-computerisation.md,BWA,national,2025,actual,original,domestic-state,domestic-revenue,whole,false,1587158,BWP,"ESTIMATED DEVELOPMENT EXPENDITURE BY PROJECT 2026-27, column `Actual Expenditure (05 December 2025)`, organisation 1100, project 12244",,
bwa-2025-3400-12621-appropriated,2025-03-31-bwa-2025-3400-12621-appropriated-mosa-computerisation.md,BWA,national,2025,appropriated,original,domestic-state,domestic-revenue,whole,false,8751006,BWP,"ESTIMATED DEVELOPMENT EXPENDITURE BY PROJECT 2025-26, organisation 3400, project 12621 (TNDP code)",,
bwa-2025-3400-12621-revised,2025-08-01-bwa-2025-3400-12621-revised-mosa-computerisation.md,BWA,national,2025,revised,revised,domestic-state,domestic-revenue,whole,false,8751006,BWP,"ESTIMATED DEVELOPMENT EXPENDITURE BY PROJECT 2026-27, column `Estimated Expenditure 2025-26`, organisation 3400, project 12621",,
bwa-2025-3400-12621-actual,2025-12-05-bwa-2025-3400-12621-actual-mosa-computerisation.md,BWA,national,2025,actual,original,domestic-state,domestic-revenue,whole,false,2164874,BWP,"ESTIMATED DEVELOPMENT EXPENDITURE BY PROJECT 2026-27, column `Actual Expenditure (05 December 2025)`, organisation 3400, project 12621",,
bwa-2025-1200-12263-appropriated,2025-03-31-bwa-2025-1200-12263-appropriated-aoj-computerisation.md,BWA,national,2025,appropriated,original,domestic-state,domestic-revenue,whole,false,4760000,BWP,"ESTIMATED DEVELOPMENT EXPENDITURE BY PROJECT 2025-26, organisation 1200, project 12263 (TNDP code)",,
bwa-2025-1200-12263-revised,2025-08-01-bwa-2025-1200-12263-revised-aoj-computerisation.md,BWA,national,2025,revised,revised,domestic-state,domestic-revenue,whole,false,4760000,BWP,"ESTIMATED DEVELOPMENT EXPENDITURE BY PROJECT 2026-27, column `Estimated Expenditure 2025-26`, organisation 1200, project 12263",,
bwa-2025-1200-12263-actual,2025-12-05-bwa-2025-1200-12263-actual-aoj-computerisation.md,BWA,national,2025,actual,original,domestic-state,domestic-revenue,whole,false,166931,BWP,"ESTIMATED DEVELOPMENT EXPENDITURE BY PROJECT 2026-27, column `Actual Expenditure (05 December 2025)`, organisation 1200, project 12263",,
bwa-2025-3100-12562-appropriated,2025-03-31-bwa-2025-3100-12562-appropriated-otr-computerisation.md,BWA,national,2025,appropriated,original,domestic-state,domestic-revenue,whole,false,4564988,BWP,"ESTIMATED DEVELOPMENT EXPENDITURE BY PROJECT 2025-26, organisation 3100, project 12562 (TNDP code)",,
bwa-2025-3100-12562-revised,2025-08-01-bwa-2025-3100-12562-revised-otr-computerisation.md,BWA,national,2025,revised,revised,domestic-state,domestic-revenue,whole,false,500000,BWP,"ESTIMATED DEVELOPMENT EXPENDITURE BY PROJECT 2026-27, column `Estimated Expenditure 2025-26`, organisation 3100, project 12562",,
bwa-2025-3100-12562-actual,2025-12-05-bwa-2025-3100-12562-actual-otr-computerisation.md,BWA,national,2025,actual,original,domestic-state,domestic-revenue,whole,false,0,BWP,"ESTIMATED DEVELOPMENT EXPENDITURE BY PROJECT 2026-27, column `Actual Expenditure (05 December 2025)`, organisation 3100, project 12562",,
bwa-2025-3300-12601-appropriated,2025-03-31-bwa-2025-3300-12601-appropriated-mhe-computerisation.md,BWA,national,2025,appropriated,original,domestic-state,domestic-revenue,whole,false,3950000,BWP,"ESTIMATED DEVELOPMENT EXPENDITURE BY PROJECT 2025-26, organisation 3300, project 12601 (TNDP code)",,
bwa-2025-3300-12601-revised,2025-08-01-bwa-2025-3300-12601-revised-mhe-computerisation.md,BWA,national,2025,revised,revised,domestic-state,domestic-revenue,whole,false,3950000,BWP,"ESTIMATED DEVELOPMENT EXPENDITURE BY PROJECT 2026-27, column `Estimated Expenditure 2025-26`, organisation 3300, project 12601",,
bwa-2025-3300-12601-actual,2025-12-05-bwa-2025-3300-12601-actual-mhe-computerisation.md,BWA,national,2025,actual,original,domestic-state,domestic-revenue,whole,false,3950000,BWP,"ESTIMATED DEVELOPMENT EXPENDITURE BY PROJECT 2026-27, column `Actual Expenditure (05 December 2025)`, organisation 3300, project 12601",,
bwa-2025-2900-12523-appropriated,2025-03-31-bwa-2025-2900-12523-appropriated-mjcs-computerisation.md,BWA,national,2025,appropriated,original,domestic-state,domestic-revenue,whole,false,3654291,BWP,"ESTIMATED DEVELOPMENT EXPENDITURE BY PROJECT 2025-26, organisation 2900, project 12523 (TNDP code)",,
bwa-2025-2900-12523-revised,2025-08-01-bwa-2025-2900-12523-revised-mjcs-computerisation.md,BWA,national,2025,revised,revised,domestic-state,domestic-revenue,whole,false,3654291,BWP,"ESTIMATED DEVELOPMENT EXPENDITURE BY PROJECT 2026-27, column `Estimated Expenditure 2025-26`, organisation 2900, project 12523",,
bwa-2025-2000-12403-appropriated,2025-03-31-bwa-2025-2000-12403-appropriated-met-computerisation.md,BWA,national,2025,appropriated,original,domestic-state,domestic-revenue,whole,false,0,BWP,"ESTIMATED DEVELOPMENT EXPENDITURE BY PROJECT 2025-26, organisation 2000, project 12403 (TNDP code)",,
bwa-2025-2000-12403-revised,2025-08-01-bwa-2025-2000-12403-revised-met-computerisation.md,BWA,national,2025,revised,revised,domestic-state,domestic-revenue,whole,false,14800000,BWP,"ESTIMATED DEVELOPMENT EXPENDITURE BY PROJECT 2026-27, column `Estimated Expenditure 2025-26`, organisation 2000, project 12403",,
bwa-2025-2000-12403-actual,2025-12-05-bwa-2025-2000-12403-actual-met-computerisation.md,BWA,national,2025,actual,original,domestic-state,domestic-revenue,whole,false,1000000,BWP,"ESTIMATED DEVELOPMENT EXPENDITURE BY PROJECT 2026-27, column `Actual Expenditure (05 December 2025)`, organisation 2000, project 12403",,
bwa-2025-0700-12122-appropriated,2025-03-31-bwa-2025-0700-12122-appropriated-mte-computerisation.md,BWA,national,2025,appropriated,original,domestic-state,domestic-revenue,whole,false,0,BWP,"ESTIMATED DEVELOPMENT EXPENDITURE BY PROJECT 2025-26, organisation 0700, project 12122 (TNDP code)",,
bwa-2025-0700-12122-revised,2025-08-01-bwa-2025-0700-12122-revised-mte-computerisation.md,BWA,national,2025,revised,revised,domestic-state,domestic-revenue,whole,false,7000000,BWP,"ESTIMATED DEVELOPMENT EXPENDITURE BY PROJECT 2026-27, column `Estimated Expenditure 2025-26`, organisation 0700, project 12122",,
bwa-2025-0700-12122-actual,2025-12-05-bwa-2025-0700-12122-actual-mte-computerisation.md,BWA,national,2025,actual,original,domestic-state,domestic-revenue,whole,false,190992,BWP,"ESTIMATED DEVELOPMENT EXPENDITURE BY PROJECT 2026-27, column `Actual Expenditure (05 December 2025)`, organisation 0700, project 12122",,
bwa-2025-3500-12643-revised,2025-08-01-bwa-2025-3500-12643-revised-prisons-ict-development.md,BWA,national,2025,revised,revised,domestic-state,domestic-revenue,whole,false,9158347,BWP,"ESTIMATED DEVELOPMENT EXPENDITURE BY PROJECT 2026-27, column `Estimated Expenditure 2025-26`, organisation 3500, project 12643",,
bwa-2026-2400-12481-appropriated,2026-04-01-bwa-2026-2400-12481-appropriated-information-and-communications-technolog.md,BWA,national,2026,appropriated,original,domestic-state,domestic-revenue,whole,false,251000000,BWP,"ESTIMATED DEVELOPMENT EXPENDITURE BY PROJECT 2026-27, organisation 2400, departments 2404 (P95,000,000) and 2406 (P156,000,000), project 12481",,
bwa-2026-2400-12482-appropriated,2026-04-01-bwa-2026-2400-12482-appropriated-research-and-development.md,BWA,national,2026,appropriated,original,domestic-state,domestic-revenue,unclear,false,213700000,BWP,"ESTIMATED DEVELOPMENT EXPENDITURE BY PROJECT 2026-27, organisation 2400, departments 2407 and 2409, project 12482",,
bwa-2026-2400-2404-appropriated,2026-04-01-bwa-2026-2400-2404-appropriated-department-of-digital-communications-inf.md,BWA,national,2026,appropriated,original,domestic-state,domestic-revenue,whole,false,12692280,BWP,"Ministry 2400, organisation summary, column `Estimate 2026-27`, department 2404",,
bwa-2026-2400-2406-appropriated,2026-04-01-bwa-2026-2400-2406-appropriated-department-of-shared-digital-services.md,BWA,national,2026,appropriated,original,domestic-state,domestic-revenue,whole,false,587310850,BWP,"Ministry 2400, organisation summary, column `Estimate 2026-27`, department 2406",,
bwa-2026-0600-12104-appropriated,2026-04-01-bwa-2026-0600-12104-appropriated-mcwbe-computerisation.md,BWA,national,2026,appropriated,original,domestic-state,domestic-revenue,whole,false,253000000,BWP,"ESTIMATED DEVELOPMENT EXPENDITURE BY PROJECT 2026-27, organisation 0600, project 12104",,
bwa-2026-0200-12024-appropriated,2026-04-01-bwa-2026-0200-12024-appropriated-msp-computerisation.md,BWA,national,2026,appropriated,original,domestic-state,domestic-revenue,whole,false,148200000,BWP,"ESTIMATED DEVELOPMENT EXPENDITURE BY PROJECT 2026-27, organisation 0200, project 12024",,
bwa-2026-0500-12084-appropriated,2026-04-01-bwa-2026-0500-12084-appropriated-mla-computerisation.md,BWA,national,2026,appropriated,original,domestic-state,domestic-revenue,whole,false,124328409,BWP,"ESTIMATED DEVELOPMENT EXPENDITURE BY PROJECT 2026-27, organisation 0500, project 12084",,
bwa-2026-0300-12041-appropriated,2026-04-01-bwa-2026-0300-12041-appropriated-mof-computerisation.md,BWA,national,2026,appropriated,original,domestic-state,domestic-revenue,whole,false,123172400,BWP,"ESTIMATED DEVELOPMENT EXPENDITURE BY PROJECT 2026-27, organisation 0300, project 12041",,
bwa-2026-2300-12461-appropriated,2026-04-01-bwa-2026-2300-12461-appropriated-information-and-communications-technolog.md,BWA,national,2026,appropriated,original,domestic-state,domestic-revenue,whole,false,107000000,BWP,"ESTIMATED DEVELOPMENT EXPENDITURE BY PROJECT 2026-27, organisation 2300, project 12461",,
bwa-2026-0400-12061-appropriated,2026-04-01-bwa-2026-0400-12061-appropriated-computerisation.md,BWA,national,2026,appropriated,original,domestic-state,domestic-revenue,whole,false,42019862,BWP,"ESTIMATED DEVELOPMENT EXPENDITURE BY PROJECT 2026-27, organisation 0400, project 12061",,
bwa-2026-1100-12244-appropriated,2026-04-01-bwa-2026-1100-12244-appropriated-moh-computerisation.md,BWA,national,2026,appropriated,original,domestic-state,domestic-revenue,whole,false,28934000,BWP,"ESTIMATED DEVELOPMENT EXPENDITURE BY PROJECT 2026-27, organisation 1100, project 12244",,
bwa-2026-3300-12601-appropriated,2026-04-01-bwa-2026-3300-12601-appropriated-mohe-computerisation.md,BWA,national,2026,appropriated,original,domestic-state,domestic-revenue,whole,false,16000000,BWP,"ESTIMATED DEVELOPMENT EXPENDITURE BY PROJECT 2026-27, organisation 3300, project 12601",,
bwa-2026-0700-12122-appropriated,2026-04-01-bwa-2026-0700-12122-appropriated-mte-computerisation.md,BWA,national,2026,appropriated,original,domestic-state,domestic-revenue,whole,false,12853196,BWP,"ESTIMATED DEVELOPMENT EXPENDITURE BY PROJECT 2026-27, organisation 0700, project 12122",,
bwa-2026-2000-12403-appropriated,2026-04-01-bwa-2026-2000-12403-appropriated-met-computerisation.md,BWA,national,2026,appropriated,original,domestic-state,domestic-revenue,whole,false,10033212,BWP,"ESTIMATED DEVELOPMENT EXPENDITURE BY PROJECT 2026-27, organisation 2000, project 12403",,
bwa-2026-3400-12621-appropriated,2026-04-01-bwa-2026-3400-12621-appropriated-mosa-computerisation.md,BWA,national,2026,appropriated,original,domestic-state,domestic-revenue,whole,false,7800000,BWP,"ESTIMATED DEVELOPMENT EXPENDITURE BY PROJECT 2026-27, organisation 3400, project 12621",,
bwa-2026-1200-12263-appropriated,2026-04-01-bwa-2026-1200-12263-appropriated-aoj-computerisation.md,BWA,national,2026,appropriated,original,domestic-state,domestic-revenue,whole,false,6250000,BWP,"ESTIMATED DEVELOPMENT EXPENDITURE BY PROJECT 2026-27, organisation 1200, project 12263",,
bwa-2026-2100-12423-appropriated,2026-04-01-bwa-2026-2100-12423-appropriated-industrial-court-ict-development.md,BWA,national,2026,appropriated,original,domestic-state,domestic-revenue,whole,false,5500000,BWP,"ESTIMATED DEVELOPMENT EXPENDITURE BY PROJECT 2026-27, organisation 2100, project 12423",,
bwa-2026-3100-12562-appropriated,2026-04-01-bwa-2026-3100-12562-appropriated-otr-ict-development.md,BWA,national,2026,appropriated,original,domestic-state,domestic-revenue,whole,false,4564988,BWP,"ESTIMATED DEVELOPMENT EXPENDITURE BY PROJECT 2026-27, organisation 3100, project 12562",,
bwa-2026-2900-12523-appropriated,2026-04-01-bwa-2026-2900-12523-appropriated-mjcs-ict-development.md,BWA,national,2026,appropriated,original,domestic-state,domestic-revenue,whole,false,4006530,BWP,"ESTIMATED DEVELOPMENT EXPENDITURE BY PROJECT 2026-27, organisation 2900, project 12523",,
bwa-2026-3500-12643-appropriated,2026-04-01-bwa-2026-3500-12643-appropriated-prisons-ict-development.md,BWA,national,2026,appropriated,original,domestic-state,domestic-revenue,whole,false,1800000,BWP,"ESTIMATED DEVELOPMENT EXPENDITURE BY PROJECT 2026-27, organisation 3500, project 12643",,
bwa-2026-1700-12362-appropriated,2026-04-01-bwa-2026-1700-12362-appropriated-ombuds-ict-development.md,BWA,national,2026,appropriated,original,domestic-state,domestic-revenue,whole,false,0,BWP,"ESTIMATED DEVELOPMENT EXPENDITURE BY PROJECT 2026-27, organisation 1700, project 12362",,
bwa-2026-1600-12341-evr-appropriated,2026-04-01-bwa-2026-1600-12341-evr-appropriated-review-of-electoral-processes-project-th.md,BWA,national,2026,appropriated,original,domestic-state,domestic-revenue,whole,false,50000000,BWP,"Committee of Supply Speech 2026/2027, Independent Electoral Commission, para 37",,
bwa-2026-0100-12001-ict-appropriated,2026-04-01-bwa-2026-0100-12001-ict-appropriated-this-project-is-meant-to-support-the-par.md,BWA,national,2026,appropriated,original,domestic-state,domestic-revenue,whole,false,2000000,BWP,"Committee of Supply Speech 2026/2027, Parliament, para 53 — `i. Computerisation (P2,000,000)`",,
bwa-2026-0400-0411-appropriated,2026-04-01-bwa-2026-0400-0411-appropriated-civil-and-national-registration-recurrent.md,BWA,national,2026,appropriated,original,domestic-state,domestic-revenue,partial,false,108505050,BWP,"Committee of Supply Speech 2026/2027 Ministry of Labour and Home Affairs para 43",,
caf-2024-30-30-33-02-05-120000-6014-11-revised,2024-10-30-caf-2024-30-30-33-02-05-120000-6014-11-revised-appui-a-la-digitalisation.md,CAF,national,2024,revised,revised,domestic-state,domestic-revenue,whole,false,80000000,XAF,"PLF 2025, volume des charges, section 30, imputation 30.33.02.05.120000.6014.11, colonne « Collectif 2024 »",,
caf-2024-50-50-52-00-43-120000-2446-11-revised,2024-10-30-caf-2024-50-50-52-00-43-120000-2446-11-revised-numerisation-des-archives.md,CAF,national,2024,revised,revised,domestic-state,domestic-revenue,whole,false,49996000,XAF,"PLF 2025, volume des charges, section 50, imputation 50.52.00.43.120000.2446.11, colonne « Collectif 2024 »",,
caf-2024-60-60-61-00-06-120000-6439-11-revised,2024-10-30-caf-2024-60-60-61-00-06-120000-6439-11-revised-appui-a-la-digitalisation.md,CAF,national,2024,revised,revised,domestic-state,domestic-revenue,whole,false,20000000,XAF,"PLF 2025, volume des charges, section 60, imputation 60.61.00.06.120000.6439.11, colonne « Collectif 2024 »",,
caf-2024-85-85-88-00-05-120000-6439-11-revised,2024-10-30-caf-2024-85-85-88-00-05-120000-6439-11-revised-prise-en-charge-des-factures-de-la-societe-v-car.md,CAF,national,2024,revised,revised,domestic-state,domestic-revenue,unclear,false,500000000,XAF,"PLF 2025, volume des charges, section 85, imputation 85.88.00.05.120000.6439.11, colonne « Collectif 2024 »",,
caf-2024-85-85-88-00-14-120000-2119-11-revised,2024-10-30-caf-2024-85-85-88-00-14-120000-2119-11-revised-etude-de-faisabilite-de-la-rehabilitation-du-fai.md,CAF,national,2024,revised,revised,domestic-state,domestic-revenue,whole,false,11250000,XAF,"PLF 2025, volume des charges, section 85, imputation 85.88.00.14.120000.2119.11, colonne « Collectif 2024 »",,
caf-2024-85-85-88-00-20-120000-6439-11-revised,2024-10-30-caf-2024-85-85-88-00-20-120000-6439-11-revised-appui-a-l-autorite-de-regulation-de-communicatio.md,CAF,national,2024,revised,revised,domestic-state,domestic-revenue,partial,false,1300000000,XAF,"PLF 2025, volume des charges, section 85, imputation 85.88.00.20.120000.6439.11, colonne « Collectif 2024 »",,
caf-2024-85-85-88-00-21-120000-6439-11-revised,2024-10-30-caf-2024-85-85-88-00-21-120000-6439-11-revised-agence-centrafricaine-du-developpement-du-digita.md,CAF,national,2024,revised,revised,domestic-state,domestic-revenue,whole,false,50000000,XAF,"PLF 2025, volume des charges, section 85, imputation 85.88.00.21.120000.6439.11, colonne « Collectif 2024 »",,
caf-2024-85-85-88-00-23-120000-6324-11-revised,2024-10-30-caf-2024-85-85-88-00-23-120000-6324-11-revised-arrieres-des-consommations-telephoniques-de-l-ad.md,CAF,national,2024,revised,revised,domestic-state,domestic-revenue,partial,false,100000000,XAF,"PLF 2025, volume des charges, section 85, imputation 85.88.00.23.120000.6324.11, colonne « Collectif 2024 »",,
caf-2025-30-30-31-00-03-230002-6439-11-proposed,2024-12-10-caf-2025-30-30-31-00-03-230002-6439-11-proposed-projet-de-migration-vers-le-sydoniaworld.md,CAF,national,2025,proposed,original,domestic-state,domestic-revenue,whole,false,130000000,XAF,"PLF 2025, volume des charges, section 30, imputation 30.31.00.03.230002.6439.11, colonne « Crédit 2025 »",,
caf-2025-30-30-31-00-68-120000-6693-11-proposed,2024-12-10-caf-2025-30-30-31-00-68-120000-6693-11-proposed-appui-au-deploiement-de-sydonia-world.md,CAF,national,2025,proposed,original,domestic-state,domestic-revenue,whole,false,115000000,XAF,"PLF 2025, volume des charges, section 30, imputation 30.31.00.68.120000.6693.11, colonne « Crédit 2025 »",,
caf-2025-30-30-33-02-05-120000-6014-11-proposed,2024-12-10-caf-2025-30-30-33-02-05-120000-6014-11-proposed-appui-a-la-digitalisation.md,CAF,national,2025,proposed,original,domestic-state,domestic-revenue,whole,false,80000000,XAF,"PLF 2025, volume des charges, section 30, imputation 30.33.02.05.120000.6014.11, colonne « Crédit 2025 »",,
caf-2025-32-32-34-00-00-240012-6013-11-proposed,2024-12-10-caf-2025-32-32-34-00-00-240012-6013-11-proposed-direction-de-la-telematique.md,CAF,national,2025,proposed,original,domestic-state,domestic-revenue,whole,false,1000000,XAF,"PLF 2025, volume des charges, section 32, imputation 32.34.00.00.240012.6013.11, colonne « Crédit 2025 »",,
caf-2025-32-32-34-00-03-240009-6013-11-proposed,2024-12-10-caf-2025-32-32-34-00-03-240009-6013-11-proposed-direction-de-la-gouvernance-numerique.md,CAF,national,2025,proposed,original,domestic-state,domestic-revenue,whole,false,1000000,XAF,"PLF 2025, volume des charges, section 32, imputation 32.34.00.03.240009.6013.11, colonne « Crédit 2025 »",,
caf-2025-50-50-52-00-43-120000-2446-11-proposed,2024-12-10-caf-2025-50-50-52-00-43-120000-2446-11-proposed-numerisation-des-archives.md,CAF,national,2025,proposed,original,domestic-state,domestic-revenue,whole,false,50000000,XAF,"PLF 2025, volume des charges, section 50, imputation 50.52.00.43.120000.2446.11, colonne « Crédit 2025 »",,
caf-2025-60-60-61-00-06-120000-6439-11-proposed,2024-12-10-caf-2025-60-60-61-00-06-120000-6439-11-proposed-appui-a-la-digitalisation.md,CAF,national,2025,proposed,original,domestic-state,domestic-revenue,whole,false,15000000,XAF,"PLF 2025, volume des charges, section 60, imputation 60.61.00.06.120000.6439.11, colonne « Crédit 2025 »",,
caf-2025-85-85-88-00-05-120000-6439-11-proposed,2024-12-10-caf-2025-85-85-88-00-05-120000-6439-11-proposed-prise-en-charge-des-factures-de-la-societe-v-car.md,CAF,national,2025,proposed,original,domestic-state,domestic-revenue,unclear,false,500000000,XAF,"PLF 2025, volume des charges, section 85, imputation 85.88.00.05.120000.6439.11, colonne « Crédit 2025 »",,
caf-2025-85-85-88-00-14-120000-2119-11-proposed,2024-12-10-caf-2025-85-85-88-00-14-120000-2119-11-proposed-etude-de-faisabilite-de-la-rehabilitation-du-fai.md,CAF,national,2025,proposed,original,domestic-state,domestic-revenue,whole,false,0,XAF,"PLF 2025, volume des charges, section 85, imputation 85.88.00.14.120000.2119.11, colonne « Crédit 2025 »",,
caf-2025-85-85-88-00-20-120000-6439-11-proposed,2024-12-10-caf-2025-85-85-88-00-20-120000-6439-11-proposed-appui-a-l-autorite-de-regulation-de-communicatio.md,CAF,national,2025,proposed,original,domestic-state,domestic-revenue,partial,false,1400000000,XAF,"PLF 2025, volume des charges, section 85, imputation 85.88.00.20.120000.6439.11, colonne « Crédit 2025 »",,
caf-2025-85-85-88-00-21-120000-6439-11-proposed,2024-12-10-caf-2025-85-85-88-00-21-120000-6439-11-proposed-agence-centrafricaine-du-developpement-du-digita.md,CAF,national,2025,proposed,original,domestic-state,domestic-revenue,whole,false,200000000,XAF,"PLF 2025, volume des charges, section 85, imputation 85.88.00.21.120000.6439.11, colonne « Crédit 2025 »",,
caf-2025-85-85-88-00-23-120000-6324-11-proposed,2024-12-10-caf-2025-85-85-88-00-23-120000-6324-11-proposed-arrieres-des-consommations-telephoniques-de-l-ad.md,CAF,national,2025,proposed,original,domestic-state,domestic-revenue,partial,false,250000000,XAF,"PLF 2025, volume des charges, section 85, imputation 85.88.00.23.120000.6324.11, colonne « Crédit 2025 »",,
caf-2025-85-85-88-00-05-120000-6439-11-revised,2025-05-28-caf-2025-85-85-88-00-05-120000-6439-11-revised-prise-en-charge-des-factures-de-la-societe-v-car.md,CAF,national,2025,revised,revised,domestic-state,domestic-revenue,unclear,false,800000000,XAF,"PLF 2026, volume des charges, section 85, imputation 85.88.00.05.120000.6439.11, colonne « Collectif 2025 »",,
caf-2025-85-85-88-00-20-120000-6439-11-revised,2025-05-28-caf-2025-85-85-88-00-20-120000-6439-11-revised-appui-a-l-autorite-de-regulation-de-communicatio.md,CAF,national,2025,revised,revised,domestic-state,domestic-revenue,partial,false,1400000000,XAF,"PLF 2026, volume des charges, section 85, imputation 85.88.00.20.120000.6439.11, colonne « Collectif 2025 »",,
caf-2025-85-85-88-00-21-120000-6439-11-revised,2025-05-28-caf-2025-85-85-88-00-21-120000-6439-11-revised-agence-centrafricaine-du-developpement-du-digita.md,CAF,national,2025,revised,revised,domestic-state,domestic-revenue,whole,false,300000000,XAF,"PLF 2026, volume des charges, section 85, imputation 85.88.00.21.120000.6439.11, colonne « Collectif 2025 »",,
caf-2025-85-85-88-00-23-120000-6324-11-revised,2025-05-28-caf-2025-85-85-88-00-23-120000-6324-11-revised-arrieres-des-consommations-telephoniques-de-l-ad.md,CAF,national,2025,revised,revised,domestic-state,domestic-revenue,partial,false,250000000,XAF,"PLF 2026, volume des charges, section 85, imputation 85.88.00.23.120000.6324.11, colonne « Collectif 2025 »",,
caf-2026-30-3002601230000xxxx03-proposed,2025-11-18-caf-2026-30-3002601230000xxxx03-proposed-deploier-sydoniaworld-au-terminal3-bouar-bambari.md,CAF,national,2026,proposed,original,domestic-state,domestic-revenue,whole,false,420000000,XAF,"CDMT sectoriels 2026, *Budget détaillé par activité*, section 30, code 3002601230000XXXX03, colonne CP 2026",,
caf-2026-30-3002603230000xxxx03-proposed,2025-11-18-caf-2026-30-3002603230000xxxx03-proposed-operationaliser-le-paiement-electronique-des-dro.md,CAF,national,2026,proposed,original,domestic-state,domestic-revenue,whole,false,3000000,XAF,"CDMT sectoriels 2026, *Budget détaillé par activité*, section 30, code 3002603230000XXXX03, colonne CP 2026",,
caf-2026-30-3002701230000xxxx04-proposed,2025-11-18-caf-2026-30-3002701230000xxxx04-proposed-organiser-les-sessions-de-maintenance-de-l-appli.md,CAF,national,2026,proposed,original,domestic-state,domestic-revenue,whole,false,10000000,XAF,"CDMT sectoriels 2026, *Budget détaillé par activité*, section 30, code 3002701230000XXXX04, colonne CP 2026",,
caf-2026-30-3002701230000xxxx07-proposed,2025-11-18-caf-2026-30-3002701230000xxxx07-proposed-rehabilitaion-et-equipement-de-la-plateforme-de-.md,CAF,national,2026,proposed,original,domestic-state,domestic-revenue,whole,false,38000000,XAF,"CDMT sectoriels 2026, *Budget détaillé par activité*, section 30, code 3002701230000XXXX07, colonne CP 2026",,
caf-2026-30-3002804230000xxxx04-proposed,2025-11-18-caf-2026-30-3002804230000xxxx04-proposed-numeriser-et-moderniser-les-interconnections-ave.md,CAF,national,2026,proposed,original,domestic-state,domestic-revenue,whole,false,3125000,XAF,"CDMT sectoriels 2026, *Budget détaillé par activité*, section 30, code 3002804230000XXXX04, colonne CP 2026",,
caf-2026-31-3103404240000xxxx04-proposed,2025-11-18-caf-2026-31-3103404240000xxxx04-proposed-developper-un-systeme-d-archivage.md,CAF,national,2026,proposed,original,domestic-state,domestic-revenue,whole,false,6500000,XAF,"CDMT sectoriels 2026, *Budget détaillé par activité*, section 31, code 3103404240000XXXX04, colonne CP 2026",,
caf-2026-32-3203701-proposed,2025-11-18-caf-2026-32-3203701-proposed-digitalisation-de-l-administration-et-innovation.md,CAF,national,2026,proposed,original,domestic-state,domestic-revenue,whole,false,16000000,XAF,"CDMT sectoriels 2026, *Budget détaillé par activité*, section 32, code 3203701, colonne CP 2026",,
caf-2026-40-4004604-proposed,2025-11-18-caf-2026-40-4004604-proposed-digitalisation-du-systeme-educatif-gestion-du-sy.md,CAF,national,2026,proposed,original,domestic-state,domestic-revenue,partial,false,6000000,XAF,"CDMT sectoriels 2026, *Budget détaillé par activité*, section 40, code 4004604, colonne CP 2026",,
caf-2026-41-4104901230000xxxx12-proposed,2025-11-18-caf-2026-41-4104901230000xxxx12-proposed-numeriser-les-diplomes-au-sg-ub.md,CAF,national,2026,proposed,original,domestic-state,domestic-revenue,whole,false,20000000,XAF,"CDMT sectoriels 2026, *Budget détaillé par activité*, section 41, code 4104901230000XXXX12, colonne CP 2026",,
caf-2026-50-5005001230000xxxx03-proposed,2025-11-18-caf-2026-50-5005001230000xxxx03-proposed-assurer-l-ouverture-d-acces-a-la-television-nume.md,CAF,national,2026,proposed,original,domestic-state,domestic-revenue,partial,false,30000000,XAF,"CDMT sectoriels 2026, *Budget détaillé par activité*, section 50, code 5005001230000XXXX03, colonne CP 2026",,
caf-2026-50-5005103630000xxxx02-proposed,2025-11-18-caf-2026-50-5005103630000xxxx02-proposed-restructurer-le-site-internet-de-l-acap.md,CAF,national,2026,proposed,original,domestic-state,domestic-revenue,whole,false,9000000,XAF,"CDMT sectoriels 2026, *Budget détaillé par activité*, section 50, code 5005103630000XXXX02, colonne CP 2026",,
caf-2026-50-5005204630000xxxx01-proposed,2025-11-18-caf-2026-50-5005204630000xxxx01-proposed-developper-un-systeme-d-archivage.md,CAF,national,2026,proposed,original,domestic-state,domestic-revenue,whole,false,30000000,XAF,"CDMT sectoriels 2026, *Budget détaillé par activité*, section 50, code 5005204630000XXXX01, colonne CP 2026",,
caf-2026-83-8307604240000xxxx07-proposed,2025-11-18-caf-2026-83-8307604240000xxxx07-proposed-mettre-a-jour-le-cadastre-minier.md,CAF,national,2026,proposed,original,domestic-state,domestic-revenue,whole,false,625000,XAF,"CDMT sectoriels 2026, *Budget détaillé par activité*, section 83, code 8307604240000XXXX07, colonne CP 2026",,
caf-2026-83-8307702240000xxxx01-proposed,2025-11-18-caf-2026-83-8307702240000xxxx01-proposed-creer-et-gerer-une-base-des-donnees-petrolieres.md,CAF,national,2026,proposed,original,domestic-state,domestic-revenue,whole,false,650000,XAF,"CDMT sectoriels 2026, *Budget détaillé par activité*, section 83, code 8307702240000XXXX01, colonne CP 2026",,
caf-2026-85-8508201230000xxxx01-proposed,2025-11-18-caf-2026-85-8508201230000xxxx01-proposed-coordonner-animer-et-mis-en-uvre-de-la-politique.md,CAF,national,2026,proposed,original,domestic-state,domestic-revenue,whole,false,13000000,XAF,"CDMT sectoriels 2026, *Budget détaillé par activité*, section 85, code 8508201230000XXXX01, colonne CP 2026",,
caf-2026-85-8508201240000xxxx02-proposed,2025-11-18-caf-2026-85-8508201240000xxxx02-proposed-elaborer-un-plan-directeur-de-developpement-des-.md,CAF,national,2026,proposed,original,domestic-state,domestic-revenue,whole,false,2000000,XAF,"CDMT sectoriels 2026, *Budget détaillé par activité*, section 85, code 8508201240000XXXX02, colonne CP 2026",,
caf-2026-85-8508201240000xxxx03-proposed,2025-11-18-caf-2026-85-8508201240000xxxx03-proposed-elaboration-la-cartographie-numerique-de-la-couv.md,CAF,national,2026,proposed,original,domestic-state,domestic-revenue,whole,false,2000000,XAF,"CDMT sectoriels 2026, *Budget détaillé par activité*, section 85, code 8508201240000XXXX03, colonne CP 2026",,
caf-2026-85-8508201240000xxxx04-proposed,2025-11-18-caf-2026-85-8508201240000xxxx04-proposed-construction-des-boucles-optiques-urbaines-acdd.md,CAF,national,2026,proposed,original,domestic-state,domestic-revenue,whole,false,300000000,XAF,"CDMT sectoriels 2026, *Budget détaillé par activité*, section 85, code 8508201240000XXXX04, colonne CP 2026",,
caf-2026-85-8508201240000xxxx06-proposed,2025-11-18-caf-2026-85-8508201240000xxxx06-proposed-raccorder-de-tous-les-chefs-lieux-de-prefectures.md,CAF,national,2026,proposed,original,domestic-state,domestic-revenue,whole,false,2000000,XAF,"CDMT sectoriels 2026, *Budget détaillé par activité*, section 85, code 8508201240000XXXX06, colonne CP 2026",,
caf-2026-85-8508202240000xxxx01-proposed,2025-11-18-caf-2026-85-8508202240000xxxx01-proposed-coordonner-animer-et-evaluer-les-activites-de-re.md,CAF,national,2026,proposed,original,domestic-state,domestic-revenue,whole,false,2000000,XAF,"CDMT sectoriels 2026, *Budget détaillé par activité*, section 85, code 8508202240000XXXX01, colonne CP 2026",,
caf-2026-85-8508301230000xxxx04-proposed,2025-11-18-caf-2026-85-8508301230000xxxx04-proposed-coordonner-animer-et-evaluer-les-activites-liees.md,CAF,national,2026,proposed,original,domestic-state,domestic-revenue,whole,false,13000000,XAF,"CDMT sectoriels 2026, *Budget détaillé par activité*, section 85, code 8508301230000XXXX04, colonne CP 2026",,
caf-2026-85-8508302-proposed,2025-11-18-caf-2026-85-8508302-proposed-renforcement-de-la-securite-des-reseaux-et-syste.md,CAF,national,2026,proposed,original,domestic-state,domestic-revenue,whole,false,4000000,XAF,"CDMT sectoriels 2026, *Budget détaillé par activité*, section 85, code 8508302, colonne CP 2026",,
caf-2026-85-8508303240000xxxx01-proposed,2025-11-18-caf-2026-85-8508303240000xxxx01-proposed-appui-a-l-autorite-de-regulation-de-communicatio.md,CAF,national,2026,proposed,original,domestic-state,domestic-revenue,partial,false,1600000000,XAF,"CDMT sectoriels 2026, *Budget détaillé par activité*, section 85, code 8508303240000XXXX01, colonne CP 2026",,
caf-2026-85-8508303240000xxxx02-proposed,2025-11-18-caf-2026-85-8508303240000xxxx02-proposed-promouvoir-les-services-numeriques-et-digitalise.md,CAF,national,2026,proposed,original,domestic-state,domestic-revenue,whole,false,2000000,XAF,"CDMT sectoriels 2026, *Budget détaillé par activité*, section 85, code 8508303240000XXXX02, colonne CP 2026",,
caf-2026-85-8508303240000xxxx04-proposed,2025-11-18-caf-2026-85-8508303240000xxxx04-proposed-normaliser-les-communication-electroniques.md,CAF,national,2026,proposed,original,domestic-state,domestic-revenue,whole,false,2000000,XAF,"CDMT sectoriels 2026, *Budget détaillé par activité*, section 85, code 8508303240000XXXX04, colonne CP 2026",,
caf-2026-85-8508304-proposed,2025-11-18-caf-2026-85-8508304-proposed-renforcement-de-la-confiance-numerique-au-niveau.md,CAF,national,2026,proposed,original,domestic-state,domestic-revenue,whole,false,2000000,XAF,"CDMT sectoriels 2026, *Budget détaillé par activité*, section 85, code 8508304, colonne CP 2026",,
caf-2026-85-8508401160000xxxx05-proposed,2025-11-18-caf-2026-85-8508401160000xxxx05-proposed-assurer-le-fonctionnement-du-secretariat-permane.md,CAF,national,2026,proposed,original,domestic-state,domestic-revenue,whole,false,33000000,XAF,"CDMT sectoriels 2026, *Budget détaillé par activité*, section 85, code 8508401160000XXXX05, colonne CP 2026",,
caf-2026-85-8508403160000xxxx06-proposed,2025-11-18-caf-2026-85-8508403160000xxxx06-proposed-prise-en-charge-des-factures-de-la-societe-mossi.md,CAF,national,2026,proposed,original,domestic-state,domestic-revenue,unclear,false,500000000,XAF,"CDMT sectoriels 2026, *Budget détaillé par activité*, section 85, code 8508403160000XXXX06, colonne CP 2026",,
caf-2026-85-8508403160000xxxx07-proposed,2025-11-18-caf-2026-85-8508403160000xxxx07-proposed-prendre-en-charge-des-factures-de-la-societe-v-c.md,CAF,national,2026,proposed,original,domestic-state,domestic-revenue,unclear,false,1000000000,XAF,"CDMT sectoriels 2026, *Budget détaillé par activité*, section 85, code 8508403160000XXXX07, colonne CP 2026",,
caf-2026-85-8508403160000xxxx08-proposed,2025-11-18-caf-2026-85-8508403160000xxxx08-proposed-paiement-des-arrieres-de-six-06-mois-de-salaires.md,CAF,national,2026,proposed,original,domestic-state,domestic-revenue,whole,false,118000000,XAF,"CDMT sectoriels 2026, *Budget détaillé par activité*, section 85, code 8508403160000XXXX08, colonne CP 2026",,
caf-2026-85-8508403160000xxxx09-proposed,2025-11-18-caf-2026-85-8508403160000xxxx09-proposed-payer-les-arrieres-des-consommations-telephoniqu.md,CAF,national,2026,proposed,original,domestic-state,domestic-revenue,partial,false,250000000,XAF,"CDMT sectoriels 2026, *Budget détaillé par activité*, section 85, code 8508403160000XXXX09, colonne CP 2026",,
caf-2026-92-9209102240000xxxx01-proposed,2025-11-18-caf-2026-92-9209102240000xxxx01-proposed-numeriser-les-archives-de-la-numerisation-des-ar.md,CAF,national,2026,proposed,original,domestic-state,domestic-revenue,whole,false,8000000,XAF,"CDMT sectoriels 2026, *Budget détaillé par activité*, section 92, code 9209102240000XXXX01, colonne CP 2026",,
caf-2026-92-9209302240000xxxx07-proposed,2025-11-18-caf-2026-92-9209302240000xxxx07-proposed-mettre-en-place-un-systeme-digitalisation-du-min.md,CAF,national,2026,proposed,original,domestic-state,domestic-revenue,whole,false,2000000,XAF,"CDMT sectoriels 2026, *Budget détaillé par activité*, section 92, code 9209302240000XXXX07, colonne CP 2026",,
caf-2026-arcep-board-budget-proposed,2026-04-15-caf-arcep-2026-projet-de-budget-proposed.md,CAF,regulator,2026,proposed,original,domestic-state,own-source,partial,false,6200000,XAF,Agence Ecofin report of the ARCEP budget session of 15 April 2026,,source_tier reporting; no board document held
cog-2024-45,2023-12-29-cog-2024-45.md,COG,national,2024,appropriated,original,domestic-state,domestic-revenue,partial,false,15150773643,XAF,"JO éd. spéciale n° 6-2023, Article quarante et unième, Code 45",,ministry envelope — FY2024 publishes no programme for Code 45
cog-2024-cst-fasuce,2023-12-29-cog-2024-cst-fasuce.md,COG,levy-fund,2024,appropriated,original,domestic-state,own-source,whole,false,1000000000,XAF,"JO éd. spéciale n° 6-2023, Article quarante-cinquième, compte n° 9",,
cog-2024-cst-fonction-bancaire-tresor,2023-12-29-cog-2024-cst-fonction-bancaire-tresor.md,COG,levy-fund,2024,appropriated,original,domestic-state,domestic-revenue,whole,false,2809999915,XAF,"JO éd. spéciale n° 6-2023, Article quarante-cinquième, compte n° 15",,
cog-2025-45-118,2024-12-30-cog-2025-45-118.md,COG,national,2025,actual,original,domestic-state,domestic-revenue,partial,false,3158525582,XAF,"JO éd. spéciale n° 15-2024, Article trente-huitième, Code 45 programme 118",,"execution rate on mixed bases — ANNEXE 4 is hors dépenses du personnel, its prévisions column is not"
cog-2025-cst-fasuce,2024-12-30-cog-2025-cst-fasuce.md,COG,levy-fund,2025,appropriated,original,domestic-state,own-source,whole,false,1000000000,XAF,"JO éd. spéciale n° 15-2024, Article dix-neuvième, compte n° 8",,
cog-2025-cst-urbanisation-si-fp,2024-12-30-cog-2025-cst-urbanisation-si-fp.md,COG,levy-fund,2025,appropriated,original,domestic-state,own-source,whole,false,3500000000,XAF,"JO éd. spéciale n° 15-2024, Article dix-neuvième, compte n° 18",,
cog-2025-cst-fonction-bancaire-tresor,2024-12-30-cog-2025-cst-fonction-bancaire-tresor.md,COG,levy-fund,2025,appropriated,original,domestic-state,domestic-revenue,whole,false,2810000000,XAF,"JO éd. spéciale n° 15-2024, Article dix-neuvième, compte n° 14",,
cog-2026-45-118,2025-12-31-cog-2026-45-118.md,COG,national,2026,appropriated,original,domestic-state,domestic-revenue,partial,false,30139589283,XAF,"JO éd. spéciale n° 3-2026, Article trente-quatrième, Code 45 programme 118",,no revised stage — Décret 2026-179 does not touch Code 45; LFR 2026 adopted 23 July 2026 not yet gazetted
cog-2026-cst-fasuce,2025-12-31-cog-2026-cst-fasuce.md,COG,levy-fund,2026,appropriated,original,domestic-state,own-source,whole,false,1000000000,XAF,"JO éd. spéciale n° 3-2026, Article quarante-deuxième, compte n° 4",,
cog-2026-cst-urbanisation-si-fp,2025-12-31-cog-2026-cst-urbanisation-si-fp.md,COG,levy-fund,2026,appropriated,original,domestic-state,own-source,whole,false,3500000000,XAF,"JO éd. spéciale n° 3-2026, Article quarante-deuxième, compte n° 10",,
cog-2026-cst-fonction-bancaire-tresor,2025-12-31-cog-2026-cst-fonction-bancaire-tresor.md,COG,levy-fund,2026,appropriated,original,domestic-state,domestic-revenue,whole,false,5968000000,XAF,"JO éd. spéciale n° 3-2026, Article quarante-deuxième, compte n° 8",,
com-2024-09,2023-11-27-com-2024-09.md,COM,national,2024,appropriated;revised;actual,original,domestic-state,domestic-revenue,partial,false,194457800,KMF,"LF2024 (n°23-019/AU) Article 11; LFR2024 Loi 24-013/AU Article 8; Rapport d'execution 2024 nature tables",,"ministry envelope - FY2024 publishes no service grain; execution 94.41% vs appropriated / 26.89% vs revised"
com-2024-31-9998-6153,2024-11-01-com-2024-31-9998-6153.md,COM,national,2024,revised,original,domestic-state,domestic-revenue,whole,false,15000000,KMF,"Recueil des arretes 2024, arrete N24-0__/MFBSB/CAB nov 2024, Article 1er table, PDF p.104",,"no appropriation stage held - baseline is revised; day of month illegible"
com-2025-09-0901,2024-12-19-com-2025-09-0901.md,COM,national,2025,appropriated;revised,original,domestic-state,domestic-revenue,partial,false,40107058,KMF,"LF2025 ANNEXE VI service 09 0901 (PDF p.52); revised from LF2026 LFR 2025 column",,"FY2026 law reproduces this figure to the franc"
com-2025-09-0902,2024-12-19-com-2025-09-0902.md,COM,national,2025,appropriated;revised,original,domestic-state,domestic-revenue,partial,false,16192244,KMF,"LF2025 ANNEXE VI service 09 0902; revised from LF2026 LFR 2025 column",,
com-2025-09-0904,2024-12-19-com-2025-09-0904.md,COM,national,2025,appropriated;revised,original,domestic-state,domestic-revenue,partial,false,56016514,KMF,"LF2025 ANNEXE VI service 09 0904 (total derived by subtraction - cells obscured); revised from LF2026",,"appropriated total derived by subtraction from TOTAL MINISTERE"
com-2025-09-0905,2024-12-19-com-2025-09-0905.md,COM,national,2025,appropriated;revised,original,domestic-state,domestic-revenue,whole,false,73000000,KMF,"LF2025 ANNEXE VI service 09 0905; revised from LF2026 LFR 2025 column (renumbered 0910)",,"single-mandate carve-out; service code changes 0905 -> 0910 in FY2026"
com-2025-08-0825,2024-12-19-com-2025-08-0825.md,COM,national,2025,appropriated;revised,original,domestic-state,domestic-revenue,whole,false,9128000,KMF,"LF2025 ANNEXE VI service 08 0825 (PDF p.50); revised from LF2026 LFR 2025 column",,"cross-vote find - overturns three sweeps' 'no digital line outside the sector ministry'; revised to zero"
com-2025-06-0615,2024-12-19-com-2025-06-0615.md,COM,national,2025,appropriated;revised,original,domestic-state,domestic-revenue,unclear,false,3000000,KMF,"LF2025 ANNEXE VI service 06 0615 (PDF p.34); revised from LF2026 LFR 2025 column",,"identity/data-exchange hand-search find; line names no digital activity"
com-2026-09-0901,2026-01-16-com-2026-09-0901.md,COM,national,2026,appropriated,original,domestic-state,domestic-revenue,partial,false,40107058,KMF,"LF2026 classification service 09 0901 (PDF p.87)",,"reproduces FY2025 appropriation to the franc"
com-2026-09-0902,2026-01-16-com-2026-09-0902.md,COM,national,2026,appropriated,original,domestic-state,domestic-revenue,partial,false,114001360,KMF,"LF2026 classification service 09 0902 (PDF p.87); capital corroborated at Article 7",,"first state capital line for the digital ministry in the corpus - 50 000 000 KMF"
com-2026-09-0904,2026-01-16-com-2026-09-0904.md,COM,national,2026,appropriated,original,domestic-state,domestic-revenue,partial,false,56016514,KMF,"LF2026 classification service 09 0904 (PDF p.88)",,
com-2026-09-0910,2026-01-16-com-2026-09-0910.md,COM,national,2026,appropriated,original,domestic-state,domestic-revenue,whole,false,50000000,KMF,"LF2026 classification service 09 0910 (PDF p.88)",,"single-mandate carve-out; apparent value swap with ACRP - do not build a trajectory"
com-2026-08-0825,2026-01-16-com-2026-08-0825.md,COM,national,2026,appropriated,original,domestic-state,domestic-revenue,whole,false,277128000,KMF,"LF2026 classification service 08 0825 (PDF p.84)",,"largest digital appropriation in the Comorian corpus - 82% of the digital ministry vote, in the finance ministry"
com-2026-06-0615,2026-01-16-com-2026-06-0615.md,COM,national,2026,appropriated,original,domestic-state,domestic-revenue,unclear,false,4000000,KMF,"LF2026 classification service 06 0615 (PDF p.48)",,"whole of Comorian identity/data-exchange appropriation"
cpv-2024-cv-plataforma-digital-e-inovacao,new/2023-12-31-cpv-2024-cv-plataforma-digital-e-inovacao.md,CPV,national,2024,appropriated>revised>actual,original,domestic-state,domestic-revenue,whole,false,568184541,CVE,Lei 35/X/2023 Mapa VII BO p.109; CGE 2024 Mapa VII pp.179-180,,external share 1260119344 CVE excluded by origin gate; no non-state record built (no financier named)
cpv-2024-modernizacao-estado-administracao-publica,new/2023-12-31-cpv-2024-modernizacao-estado-administracao-publica.md,CPV,national,2024,appropriated>revised>actual,original,domestic-state,domestic-revenue,partial,false,501082068,CVE,Lei 35/X/2023 Mapa VII BO p.109; CGE 2024 Mapa VII,,Casa do Cidadao earmarked lines nest here and are not recorded separately
cpv-2024-sistema-informacao-desenvolvimento-sustentavel,new/2023-12-31-cpv-2024-sistema-informacao-desenvolvimento-sustentavel.md,CPV,national,2024,appropriated>revised>actual,original,domestic-state,domestic-revenue,partial,false,253112171,CVE,Lei 35/X/2023 Mapa VII BO p.109; CGE 2024 Mapa VII,,domestic 96.2% executed vs 9.8% on the whole programme
cpv-2024-cnpd,new/2023-12-31-cpv-2024-cnpd.md,CPV,regulator,2024,appropriated,original,domestic-state,domestic-revenue,whole,false,35255451,CVE,Resolucao 135/X/2023 BO p.2816,,DPA appropriated inside the Assembly orcamento privativo; no outturn published
cpv-2024-sniac-pec,new/2023-09-29-cpv-2024-sniac-pec.md,CPV,national,2024,proposed,original,domestic-state,own-source,whole,false,141524912,CVE,"Anexo Informativo OE 2024, receitas consignadas item 9.1",,no appropriation stage held - the enacted BO does not reprint the table
cpv-2024-sniac-cni,new/2023-09-29-cpv-2024-sniac-cni.md,CPV,national,2024,proposed,original,domestic-state,own-source,whole,false,109383546,CVE,"Anexo Informativo OE 2024, receitas consignadas item 9.2",,no appropriation stage held
cpv-2024-sniac-tre,new/2023-09-29-cpv-2024-sniac-tre.md,CPV,national,2024,proposed,original,domestic-state,own-source,whole,false,22500000,CVE,"Anexo Informativo OE 2024, receitas consignadas item 9.3",,no appropriation stage held
cpv-2024-sniac-funcionamento,new/2023-09-29-cpv-2024-sniac-funcionamento.md,CPV,national,2024,proposed,original,domestic-state,own-source,whole,false,33108344,CVE,"Anexo Informativo OE 2024, receitas consignadas item 9.4",,no appropriation stage held
cpv-2024-fusi,new/2023-09-29-cpv-2024-fusi.md,CPV,levy-fund,2024,proposed,original,domestic-state,own-source,whole,true,122073633,CVE,"Anexo Informativo OE 2024, receitas consignadas item 10",,universal service fund; is_transfer true because the carrying vote is not named and it may nest in the digital platform programme
cpv-2024-nosi-protocolos,new/2024-01-01-cpv-2024-nosi-protocolos.md,CPV,soe,2024,appropriated,original,domestic-state,domestic-revenue,whole,true,333345000,CVE,NOSi PAO 2024 p.14 line Protocolos,,mCVE scale; is_transfer true - the same escudos sit in the buying ministries votes
cpv-2025-cv-plataforma-digital-e-inovacao,new/2024-12-30-cpv-2025-cv-plataforma-digital-e-inovacao.md,CPV,national,2025,appropriated>revised>actual,original,domestic-state,domestic-revenue,whole,false,597668565,CVE,Lei 45/X/2024 Mapa VII BO p.98; Mapas Conta Provisoria IV Trim 2025 Mapa VII row 16,,99.3 pct of the vote executed on the domestic share vs 37.9 pct on the organic vote
cpv-2025-modernizacao-estado-administracao-publica,new/2024-12-30-cpv-2025-modernizacao-estado-administracao-publica.md,CPV,national,2025,appropriated>revised>actual,original,domestic-state,domestic-revenue,partial,false,5434369323,CVE,Lei 45/X/2024 Mapa VII BO p.98; Q4 2025 XLSX Mapa VII row 40,,programme perimeter changed ninefold from FY2024 - the two years are not comparable
cpv-2025-sistema-informacao-desenvolvimento-sustentavel,new/2024-12-30-cpv-2025-sistema-informacao-desenvolvimento-sustentavel.md,CPV,national,2025,appropriated>revised>actual,original,domestic-state,domestic-revenue,partial,false,302771454,CVE,Lei 45/X/2024 Mapa VII BO p.98; Q4 2025 XLSX Mapa VII row 26,,
cpv-2025-cnpd,new/2024-12-30-cpv-2025-cnpd.md,CPV,regulator,2025,appropriated,original,domestic-state,domestic-revenue,whole,false,36313115,CVE,Resolucao 160/X/2024,,DPA up 3.0 pct in the year the digital vote fell 73 pct; no outturn published
cpv-2025-sniac-pec,new/2024-12-30-cpv-2025-sniac-pec.md,CPV,national,2025,appropriated,original,domestic-state,own-source,whole,false,141524912,CVE,"Lei 45/X/2024, receitas consignadas item 9.1",,the FY2025 enacted law prints the annex; the FY2024 one did not
cpv-2025-sniac-cni,new/2024-12-30-cpv-2025-sniac-cni.md,CPV,national,2025,appropriated,original,domestic-state,own-source,whole,false,109383546,CVE,"Lei 45/X/2024, receitas consignadas item 9.2",,
cpv-2025-sniac-tre,new/2024-12-30-cpv-2025-sniac-tre.md,CPV,national,2025,appropriated,original,domestic-state,own-source,whole,false,22500000,CVE,"Lei 45/X/2024, receitas consignadas item 9.3",,
cpv-2025-sniac-funcionamento,new/2024-12-30-cpv-2025-sniac-funcionamento.md,CPV,national,2025,appropriated,original,domestic-state,own-source,whole,false,33108344,CVE,"Lei 45/X/2024, receitas consignadas item 9.4",,
cpv-2025-fusi,new/2024-12-30-cpv-2025-fusi.md,CPV,levy-fund,2025,appropriated,original,domestic-state,own-source,whole,true,122073633,CVE,"Lei 45/X/2024, receitas consignadas item 10",,universal service fund; unchanged to the escudo across three years
cpv-2025-nosi-protocolos,new/2025-01-01-cpv-2025-nosi-protocolos.md,CPV,soe,2025,appropriated,original,domestic-state,domestic-revenue,whole,true,333345000,CVE,NOSi PAO 2025 p.17 line Protocolos,,mCVE scale; NOSi forecast revenue is now 4x the digital vote
cpv-2026-cv-plataforma-digital-e-inovacao,new/2025-12-31-cpv-2026-cv-plataforma-digital-e-inovacao.md,CPV,national,2026,appropriated>revised,original,domestic-state,domestic-revenue,whole,false,476994724,CVE,Lei 69/X/2025 Mapa VII PDF p.250; Mapas Conta Provisoria I Trim 2026 Mapa VII row 16,,actual_total left blank - only a Q1 observation exists
cpv-2026-modernizacao-estado-administracao-publica,new/2025-12-31-cpv-2026-modernizacao-estado-administracao-publica.md,CPV,national,2026,appropriated>revised,original,domestic-state,domestic-revenue,partial,false,976042125,CVE,Lei 69/X/2025 Mapa VII PDF p.250; Q1 2026 XLSX Mapa VII row 40,,programme perimeter changed in all three years - not a series
cpv-2026-sistema-informacao-desenvolvimento-sustentavel,new/2025-12-31-cpv-2026-sistema-informacao-desenvolvimento-sustentavel.md,CPV,national,2026,appropriated>revised,original,domestic-state,domestic-revenue,partial,false,290706686,CVE,Lei 69/X/2025 Mapa VII PDF p.250; Q1 2026 XLSX Mapa VII row 26,,
cpv-2026-sniac-pec,new/2025-12-31-cpv-2026-sniac-pec.md,CPV,national,2026,appropriated,original,domestic-state,own-source,whole,false,141524912,CVE,Lei 69/X/2025 BO p.137 seccao 4 item 9.1,,
cpv-2026-sniac-cni,new/2025-12-31-cpv-2026-sniac-cni.md,CPV,national,2026,appropriated,original,domestic-state,own-source,whole,false,109383546,CVE,Lei 69/X/2025 BO p.137 seccao 4 item 9.2,,
cpv-2026-sniac-tre,new/2025-12-31-cpv-2026-sniac-tre.md,CPV,national,2026,appropriated,original,domestic-state,own-source,whole,false,22500000,CVE,Lei 69/X/2025 BO p.137 seccao 4 item 9.3,,
cpv-2026-sniac-imij,new/2025-12-31-cpv-2026-sniac-imij.md,CPV,national,2026,appropriated,original,domestic-state,own-source,whole,false,33108344,CVE,Lei 69/X/2025 BO p.137 seccao 4 item 9.4,,sub-line relabelled from Funcionamento do SNIAC to Instituto Modernizacao e Inovacao da Justica
cpv-2026-fusi,new/2025-12-31-cpv-2026-fusi.md,CPV,levy-fund,2026,appropriated,original,domestic-state,own-source,whole,true,122073633,CVE,Lei 69/X/2025 BO p.137 seccao 4 item 10,,unchanged across three years
cpv-2026-ciber-seguranca,new/2025-12-31-cpv-2026-ciber-seguranca.md,CPV,national,2026,appropriated,original,domestic-state,domestic-revenue,whole,false,20000000,CVE,Lei 69/X/2025 narrativa BO p.126,,first cybersecurity budget unit in the CPV budget; amount is the law's own rounding to millions
cpv-2026-nosi-protocolos,new/2026-01-01-cpv-2026-nosi-protocolos.md,CPV,soe,2026,appropriated,original,domestic-state,domestic-revenue,whole,true,333345000,CVE,NOSi PAO 2026 section 7.1 line Protocolos,,mCVE scale; NOSi forecast is 6.3x the digital vote
zaf-2026-vote-30-p2-international,new/2026-02-25-zaf-2026-vote-30-p2-international.md,ZAF,national,2026,appropriated,original,domestic-state,unstated,whole,false,74500000,ZAR,ENE 2026 Vote 30 Table 30.8,replaces zaf-2026-vote-30-p2-ict-transformation,subprogramme regrain; series joined on function across the 2026 vote restructure
zaf-2026-vote-30-p2-soe-governance,new/2026-02-25-zaf-2026-vote-30-p2-soe-governance.md,ZAF,national,2026,appropriated,original,domestic-state,unstated,partial,false,13900000,ZAR,ENE 2026 Vote 30 Table 30.8,,SOE portfolio mixes broadcasting and postal with digital
zaf-2026-vote-30-p2-sector-transformation,new/2026-02-25-zaf-2026-vote-30-p2-sector-transformation.md,ZAF,national,2026,appropriated,original,domestic-state,unstated,whole,false,16100000,ZAR,ENE 2026 Vote 30 Table 30.8,,
zaf-2026-vote-30-p3-content-online-safety,new/2026-02-25-zaf-2026-vote-30-p3-content-online-safety.md,ZAF,national,2026,appropriated,original,domestic-state,unstated,partial,false,126800000,ZAR,ENE 2026 Vote 30 Table 30.10,replaces zaf-2026-vote-30-media-content,regrain removes R249.2m SABC public broadcasting from the digital total
zaf-2026-vote-30-p3-audiovisual-digital-media,new/2026-02-25-zaf-2026-vote-30-p3-audiovisual-digital-media.md,ZAF,national,2026,appropriated,original,domestic-state,unstated,partial,false,16600000,ZAR,ENE 2026 Vote 30 Table 30.10,,
zaf-2026-vote-30-p4-regulatory-compliance,new/2026-02-25-zaf-2026-vote-30-p4-regulatory-compliance.md,ZAF,national,2026,appropriated,original,domestic-state,unstated,partial,false,514300000,ZAR,ENE 2026 Vote 30 Table 30.12,replaces zaf-2026-vote-30-digital-comm-access,ICASA multi-purpose regulator; envelope not carve-out
zaf-2026-vote-30-p4-digital-postal-access,new/2026-02-25-zaf-2026-vote-30-p4-digital-postal-access.md,ZAF,national,2026,appropriated,original,domestic-state,unstated,partial,false,767200000,ZAR,ENE 2026 Vote 30 Table 30.12,,R595.5m of it is the postal USO subsidy; USAF broadcasting-digital-migration window nil
zaf-2026-vote-30-p4-digital-enterprise-smme,new/2026-02-25-zaf-2026-vote-30-p4-digital-enterprise-smme.md,ZAF,national,2026,appropriated,original,domestic-state,unstated,whole,false,11600000,ZAR,ENE 2026 Vote 30 Table 30.12,,
zaf-2026-vote-30-digital-society-economy,raw/2026/2026-02-25-zaf-2026-vote-30-digital-society-economy.md,ZAF,national,2026,appropriated,original,domestic-state,unstated,whole,false,162700000,ZAR,ENE 2026 Vote 30 Table 30.16,"regrained in place from R166,900,000","programme has one recordable subprogramme; deal_id unchanged, no retirement"
gha-2026-026-02602,new/2026-01-01-gha-2026-026-02602.md,GHA,national,2026,appropriated,original,domestic-state,domestic-revenue,whole,false,100000000,GHS,Act 1163 Fourth Schedule vote 026 programme 02602,,only wholly-treasury-financed digital programme in the Ghanaian budget
gha-2026-026-02603,new/2026-01-01-gha-2026-026-02603.md,GHA,national,2026,appropriated,original,domestic-state,domestic-revenue,whole,false,591947850,GHS,Act 1163 Fourth Schedule vote 026 programme 02603,,"origin split: GoG 83,007,265 + IGF 508,940,585 recorded; donor GHS 138,000,000 excluded, funder unnamed so fails fact 1"
gha-2026-082,new/2026-01-01-gha-2026-082.md,GHA,national,2026,appropriated,original,domestic-state,domestic-revenue,whole,false,20413271,GHS,Act 1163 Fourth Schedule MDA 082,,single-mandate carve-out at vote grain; 95.1% of it is Management and Administration
gha-2026-009-00903,new/2026-01-01-gha-2026-009-00903.md,GHA,national,2026,appropriated,original,domestic-state,domestic-revenue,partial,false,148820843,GHS,Act 1163 Fourth Schedule vote 009 programme 00903,,"found by hand-search of the vote index, not by keyword"
gha-2024-011-01101-01101004,new/2024-01-01-gha-2024-011-01101-01101004.md,GHA,national,2024,appropriated,original,domestic-state,domestic-revenue,partial,false,80000,GHS,"2024 PBB MLGRD table 1.5, sub-programme 01101004",,figure read off an image table; OCR then verified against the rendered page and cross-footed
gha-2024-011-01109-01109001,new/2024-01-01-gha-2024-011-01109-01109001.md,GHA,national,2024,appropriated,original,domestic-state,domestic-revenue,partial,false,22443365,GHS,"2024 PBB MLGRD table 1.5, sub-programme 01109001",,"GoG 17,487,500 + IGF 4,955,865; 71% compensation of employees"
zwe-2026-23-ii,new/2025-12-29-zwe-2026-23-ii.md,ZWE,national,2026,appropriated,original,domestic-state,domestic-revenue,whole,false,505225000,ZWG,"Act No. 6 of 2025, Schedule, Vote 23, Programme II",,first ZWE domestic-state record
zwe-2026-23-i,new/2025-12-29-zwe-2026-23-i.md,ZWE,national,2026,appropriated,original,domestic-state,domestic-revenue,partial,false,258292000,ZWG,"Act No. 6 of 2025, Schedule, Vote 23, Programme I",,partial: same ministry carries postal and courier services
zwe-2026-18-ii,new/2025-12-29-zwe-2026-18-ii.md,ZWE,national,2026,appropriated,original,domestic-state,domestic-revenue,partial,false,1470460000,ZWG,"Act No. 6 of 2025, Schedule, Vote 18, Programme II",,identity seam; purpose confirmed by Budget Statement para 581
zwe-2026-18-v,new/2025-12-29-zwe-2026-18-v.md,ZWE,national,2026,appropriated,original,domestic-state,domestic-revenue,partial,false,994652000,ZWG,"Act No. 6 of 2025, Schedule, Vote 18, Programme V",,OBMS named in Budget Statement para 582
zwe-2026-zimra-automation,new/2025-11-27-zwe-2026-zimra-automation.md,ZWE,national,2026,proposed,original,domestic-state,unstated,whole,false,200000000,ZWG,"2026 National Budget Statement, Table 41, p. 187",,no appropriation stage held - the Act carries no ZIMRA line; funding source unstated
moz-2026-52a004041,new/2026-01-01-moz-2026-52a004041.md,MOZ,national,2026,appropriated,original,domestic-state,domestic-revenue,whole,false,93280160,MZN,PESOE 2026 Mapa E p.9 codigo 52A004041,,INAGE; single-mandate carve-out; no investment line
moz-2026-52a001641,new/2026-01-01-moz-2026-52a001641.md,MOZ,national,2026,appropriated,original,domestic-state,domestic-revenue,whole,false,73636370,MZN,PESOE 2026 Mapa E p.9 codigo 52A001641,,INTIC; name truncated by the document
moz-2026-52a000141,new/2026-01-01-moz-2026-52a000141.md,MOZ,national,2026,appropriated,original,domestic-state,domestic-revenue,partial,false,111260610,MZN,PESOE 2026 Mapa E p.9 / Mapa H p.2 codigo 52A000141,,"ministry investment 2,637,800,000 MZN is 100% Externo - non-state, funder unnamed, fails fact 1, not built"
moz-2026-27a001141,new/2026-01-01-moz-2026-27a001141.md,MOZ,national,2026,appropriated,original,domestic-state,domestic-revenue,whole,false,757832010,MZN,PESOE 2026 Mapa E p.4 + Mapa H p.1 codigo 27A001141,,CEDSIF; largest domestically-financed digital line in MOZ; capital 100m all Interno
moz-2026-17a002741,new/2026-01-01-moz-2026-17a002741.md,MOZ,national,2026,appropriated,original,domestic-state,domestic-revenue,whole,false,230819650,MZN,PESOE 2026 Mapa E p.3 codigo 17A002741,,"DNIC; 11 provincial services add 19,950,060 MZN, stated not recorded"
moz-2026-26a000541,new/2026-01-01-moz-2026-26a000541.md,MOZ,national,2026,appropriated,original,domestic-state,domestic-revenue,whole,false,211296440,MZN,PESOE 2026 Mapa E p.4 codigo 26A000541,,"INE; 11 provincial delegations add 212,543,130 MZN under a different sector prefix, stated not recorded"
gha-2026-026-02603-02603001,new/2026-01-01-gha-2026-026-02603-02603001.md,GHA,national,2026,appropriated,original,domestic-state,domestic-revenue,whole,false,536745448,GHS,2026 PBB MoCDTI table 1.5 p.6 sub-programme 02603001,gha-2026-026-02603 (retired),"NITA; donor 138,000,000 excluded, funder unnamed; NCA/GIFEC/GDCL have no code"
gha-2026-026-02603-02603002,new/2026-01-01-gha-2026-026-02603-02603002.md,GHA,national,2026,appropriated,original,domestic-state,domestic-revenue,whole,false,17308560,GHS,2026 PBB MoCDTI table 1.5 p.6 sub-programme 02603002,gha-2026-026-02603 (retired),GI-KACE
gha-2026-026-02603-02603003,new/2026-01-01-gha-2026-026-02603-02603003.md,GHA,regulator,2026,appropriated,original,domestic-state,domestic-revenue,whole,false,25346198,GHS,2026 PBB MoCDTI table 1.5 p.6 sub-programme 02603003,gha-2026-026-02603 (retired),Cyber Security Authority; 86% GoG
gha-2026-026-02603-02603004,new/2026-01-01-gha-2026-026-02603-02603004.md,GHA,regulator,2026,appropriated,original,domestic-state,domestic-revenue,whole,false,2827244,GHS,2026 PBB MoCDTI table 1.5 p.6 sub-programme 02603004,gha-2026-026-02603 (retired),Ghana Domain Name Registry; no compensation of employees at all
gha-2026-026-02603-02603005,new/2026-01-01-gha-2026-026-02603-02603005.md,GHA,regulator,2026,appropriated,original,domestic-state,own-source,whole,false,9720400,GHS,2026 PBB MoCDTI table 1.5 p.6 sub-programme 02603005,gha-2026-026-02603 (retired),Data Protection Commission; every GoG column blank
gha-2026-011-01109-01109004,new/2026-01-01-gha-2026-011-01109-01109004.md,GHA,national,2026,appropriated,original,domestic-state,domestic-revenue,partial,false,36454968,GHS,2026 PBB MLGCRA table 1.5 p.6 sub-programme 01109004,,LUSPA/LUPMIS; sub-programme code moved from 01109001 in FY2024
gha-2026-011-01101-01101004,new/2026-01-01-gha-2026-011-01101-01101004.md,GHA,national,2026,appropriated,original,domestic-state,domestic-revenue,partial,false,500000,GHS,2026 PBB MLGCRA table 1.5 p.6 sub-programme 01101004,,"GHS 80,000 in FY2024"
